20,28,12,7,85,73,18,1,9,8,31,43,64,97,17,81,46,83,35,45,15,71,24,96,77,58,80,25,89,63,55,10,49,32,41,33,61,66,59,82,27,62,57,22,54,65,67,4,34,87,26,3,91,60,39,88,56,44,92,70,5,52,2,14,16,72,13,74,37,50,84,29,40,78,23,30,53,76,38,90,42,75,95,11,98,48,69,100,21,79,93,51,94,36,47,68,19,6,86,99,0,0,0,0,0,0,0,0,0,0,0,0,0,0,0,0,0,0,0,0,0,0,0,0,0,0,0,0,0,0,0,0,0,0,0,0,0,0,0,0,0,0
17,9,97,46,10,35,81,85,18,28,45,83,31,12,43,8,64,1,80,89,58,59,32,41,25,7,73,15,22,62,67,66,71,20,63,96,34,82,4,65,60,77,91,55,39,26,57,24,44,61,5,27,70,49,33,2,13,88,3,54,14,23,40,56,92,11,87,95,53,52,72,98,50,42,90,74,51,21,37,36,84,99,29,16,76,78,93,6,30,38,79,47,48,100,68,75,19,86,69,94,0,0,0,0,0,0,0,0,0,0,0,0,0,0,0,0,0,0,0,0,0,0,0,0,0,0,0,0,0,0,0,0,0,0,0,0,0,0,0,0,0,0
26,59,65,66,91,4,55,32,82,63,67,44,61,2,41,89,70,22,62,34,20,7,33,77,8,96,39,12,10,83,31,64,43,80,1,60,97,58,27,17,9,85,46,35,45,18,28,81,73,71,15,25,95,50,51,98,42,21,29,84,76,78,99,48,47,37,57,49,68,30,79,24,6,5,38,13,54,88,23,75,40,11,14,52,87,90,56,3,53,72,92,74,16,36,93,19,69,100,86,94,0,0,0,0,0,0,0,0,0,0,0,0,0,0,0,0,0,0,0,0,0,0,0,0,0,0,0,0,0,0,0,0,0,0,0,0,0,0,0,0,0,0
69,19,94,86,100,75,6,48,47,38,79,68,93,30,76,78,84,16,99,36,21,98,42,50,74,51,53,29,37,92,61,44,55,91,70,26,33,39,49,60,57,22,62,66,77,4,32,7,80,41,18,31,43,12,81,45,83,46,35,97,10,17,9,85,28,8,73,1,58,89,64,25,71,20,59,67,82,15,65,34,63,96,52,2,24,14,27,88,54,5,23,13,56,40,11,72,87,3,90,95,0,0,0,0,0,0,0,0,0,0,0,0,0,0,0,0,0,0,0,0,0,0,0,0,0,0,0,0,0,0,0,0,0,0,0,0,0,0,0,0,0,0
49,45,22,15,89,32,58,73,7,34,25,63,71,66,1,80,59,28,46,81,97,31,35,17,43,18,10,9,83,85,8,12,64,55,77,61,20,41,26,44,13,57,65,62,27,33,4,67,96,14,56,82,11,90,70,91,87,39,60,24,52,2,42,21,88,84,54,72,40,29,5,16,51,38,76,3,23,6,92,95,100,53,68,74,50,79,19,94,47,36,98,37,78,30,99,48,93,75,69,86,0,0,0,0,0,0,0,0,0,0,0,0,0,0,0,0,0,0,0,0,0,0,0,0,0,0,0,0,0,0,0,0,0,0,0,0,0,0,0,0,0,0
39,13,24,88,5,70,49,55,57,27,33,40,54,3,23,56,2,14,44,26,52,91,72,67,4,60,11,61,65,92,95,87,74,50,53,90,42,15,71,7,41,22,12,32,25,1,59,28,20,43,73,97,9,46,83,10,17,81,85,31,35,45,8,18,64,58,89,80,82,62,66,96,77,63,34,21,51,98,16,84,29,99,76,38,37,36,78,48,69,6,30,79,93,75,47,100,68,19,94,86,0,0,0,0,0,0,0,0,0,0,0,0,0,0,0,0,0,0,0,0,0,0,0,0,0,0,0,0,0,0,0,0,0,0,0,0,0,0,0,0,0,0
38,84,78,36,69,30,37,99,16,48,29,68,76,47,75,100,98,21,79,92,19,6,86,11,94,51,74,72,93,50,40,52,95,90,42,23,56,87,53,4,34,63,77,91,55,82,26,67,49,15,81,65,73,58,45,43,71,35,10,89,83,97,17,46,31,85,12,9,28,18,1,80,8,64,66,25,32,20,22,7,59,96,41,62,2,70,60,44,61,33,39,54,24,13,27,57,5,88,14,3,0,0,0,0,0,0,0,0,0,0,0,0,0,0,0,0,0,0,0,0,0,0,0,0,0,0,0,0,0,0,0,0,0,0,0,0,0,0,0,0,0,0
63,4,61,91,59,5,24,39,2,44,96,60,34,27,67,26,65,70,33,49,13,62,82,88,57,40,77,8,55,80,58,54,89,10,35,73,32,83,7,22,43,66,1,31,97,17,46,85,81,45,28,12,18,20,64,25,9,23,15,71,41,21,37,47,90,68,100,99,19,69,86,75,11,52,3,14,56,92,87,95,53,72,42,98,51,50,74,29,16,36,30,76,78,38,93,84,48,6,94,79,0,0,0,0,0,0,0,0,0,0,0,0,0,0,0,0,0,0,0,0,0,0,0,0,0,0,0,0,0,0,0,0,0,0,0,0,0,0,0,0,0,0
6,75,47,68,100,99,19,79,69,93,78,38,48,86,76,94,84,36,51,30,37,16,21,29,50,11,95,42,92,72,74,98,53,90,91,65,39,55,26,67,24,60,77,62,22,82,71,32,59,45,41,18,10,73,12,83,31,28,81,35,46,9,97,43,17,8,85,64,1,58,89,80,25,7,15,66,20,63,34,96,57,2,13,44,33,61,4,88,49,70,40,27,5,54,23,3,14,56,52,87,0,0,0,0,0,0,0,0,0,0,0,0,0,0,0,0,0,0,0,0,0,0,0,0,0,0,0,0,0,0,0,0,0,0,0,0,0,0,0,0,0,0
46,43,17,10,83,9,35,81,45,31,85,97,12,58,28,73,1,89,18,64,8,25,59,80,32,71,22,41,15,2,7,62,66,63,34,67,49,65,82,96,77,4,60,39,55,44,91,20,26,5,61,70,14,13,57,54,33,27,11,88,3,24,23,40,52,56,90,87,92,72,95,50,42,53,21,98,74,36,16,84,51,76,37,29,93,38,30,99,78,6,47,48,69,75,79,68,100,94,19,86,0,0,0,0,0,0,0,0,0,0,0,0,0,0,0,0,0,0,0,0,0,0,0,0,0,0,0,0,0,0,0,0,0,0,0,0,0,0,0,0,0,0
97,10,83,81,17,85,46,31,43,45,9,1,18,8,35,15,12,58,28,63,89,80,20,7,66,73,64,32,34,96,25,77,22,41,59,71,67,4,61,55,62,33,70,49,65,57,82,91,27,26,13,5,44,24,60,39,54,56,88,87,2,90,3,52,11,14,95,40,23,42,53,92,21,50,72,51,84,16,98,29,37,74,78,36,38,76,48,30,69,99,68,93,75,86,100,47,79,6,19,94,0,0,0,0,0,0,0,0,0,0,0,0,0,0,0,0,0,0,0,0,0,0,0,0,0,0,0,0,0,0,0,0,0,0,0,0,0,0,0,0,0,0
66,65,77,41,22,15,32,59,58,71,2,34,89,7,4,82,62,63,96,25,81,45,43,46,91,97,12,1,18,10,17,28,83,35,80,64,9,31,85,73,8,20,54,23,57,40,52,90,56,67,11,87,50,55,72,42,21,92,49,39,61,26,44,60,70,24,27,13,33,36,16,88,68,14,5,47,79,93,3,69,19,6,94,75,95,53,84,74,29,98,51,37,76,78,30,38,99,100,48,86,0,0,0,0,0,0,0,0,0,0,0,0,0,0,0,0,0,0,0,0,0,0,0,0,0,0,0,0,0,0,0,0,0,0,0,0,0,0,0,0,0,0
99,76,48,38,30,79,6,68,100,86,75,47,93,74,69,37,19,94,78,98,51,21,16,53,84,42,95,36,50,29,72,23,14,87,11,3,90,92,96,26,44,77,73,61,65,31,15,4,20,57,41,8,80,59,58,1,12,28,9,85,46,83,10,97,17,18,81,45,35,43,64,89,32,7,66,63,25,22,67,34,62,71,82,91,55,70,33,2,24,60,27,39,5,13,49,56,54,88,52,40,0,0,0,0,0,0,0,0,0,0,0,0,0,0,0,0,0,0,0,0,0,0,0,0,0,0,0,0,0,0,0,0,0,0,0,0,0,0,0,0,0,0
98,92,11,42,74,29,3,51,56,40,72,84,37,14,13,54,23,52,53,95,99,90,50,87,16,21,88,70,38,78,30,76,36,93,57,39,27,5,33,6,2,48,79,19,100,75,68,63,47,69,94,96,62,4,25,59,67,65,89,15,81,58,28,35,46,8,45,41,97,10,17,85,12,83,64,18,31,43,9,80,1,32,73,7,71,22,66,20,82,77,34,44,26,55,91,24,60,49,61,86,0,0,0,0,0,0,0,0,0,0,0,0,0,0,0,0,0,0,0,0,0,0,0,0,0,0,0,0,0,0,0,0,0,0,0,0,0,0,0,0,0,0
44,61,91,13,33,49,70,65,39,67,55,5,57,96,26,63,60,4,82,27,3,24,14,34,54,56,92,87,2,88,11,98,40,23,95,25,80,90,32,12,89,81,45,10,8,35,18,97,17,46,9,43,83,85,31,28,58,1,73,7,15,22,59,64,41,20,71,66,62,77,19,94,75,52,72,53,50,42,51,21,74,29,36,16,84,37,78,38,76,99,48,30,93,6,100,79,47,69,68,86,0,0,0,0,0,0,0,0,0,0,0,0,0,0,0,0,0,0,0,0,0,0,0,0,0,0,0,0,0,0,0,0,0,0,0,0,0,0,0,0,0,0
73,1,8,31,58,80,15,12,64,32,18,7,10,9,46,45,97,85,43,17,35,83,81,28,63,66,67,71,4,65,89,41,59,77,25,20,62,61,22,57,49,13,27,34,5,96,33,2,39,82,54,56,55,91,26,87,60,24,70,40,44,95,90,72,53,88,50,84,14,21,3,11,23,52,16,48,38,99,74,92,98,30,75,42,51,6,37,29,100,36,94,86,78,76,68,93,47,69,79,19,0,0,0,0,0,0,0,0,0,0,0,0,0,0,0,0,0,0,0,0,0,0,0,0,0,0,0,0,0,0,0,0,0,0,0,0,0,0,0,0,0,0
22,41,66,20,73,59,71,34,80,7,15,25,62,89,63,96,67,32,31,35,28,85,9,97,17,46,83,43,45,81,10,18,12,1,8,58,64,70,39,24,44,49,52,13,88,2,54,77,23,11,14,4,82,65,87,53,95,55,26,42,91,60,61,74,5,27,84,57,29,33,38,78,76,30,56,40,3,68,93,48,72,90,92,69,79,86,50,19,21,51,16,98,37,36,99,47,100,6,75,94,0,0,0,0,0,0,0,0,0,0,0,0,0,0,0,0,0,0,0,0,0,0,0,0,0,0,0,0,0,0,0,0,0,0,0,0,0,0,0,0,0,0
71,39,82,77,2,44,26,22,67,65,60,88,49,15,34,9,91,61,70,18,24,54,5,55,62,12,85,27,33,13,64,81,45,73,43,28,83,46,80,41,17,10,58,97,31,8,20,35,1,25,66,59,32,7,96,4,63,50,98,29,89,84,16,36,76,93,38,47,79,6,57,69,75,100,94,56,14,52,72,40,23,53,3,87,90,11,95,92,51,74,42,21,78,30,99,68,48,37,19,86,0,0,0,0,0,0,0,0,0,0,0,0,0,0,0,0,0,0,0,0,0,0,0,0,0,0,0,0,0,0,0,0,0,0,0,0,0,0,0,0,0,0
12,58,64,43,1,8,80,66,25,39,20,41,65,59,7,62,10,97,83,31,9,17,46,85,45,81,18,35,28,32,15,4,2,71,89,26,91,22,73,5,61,55,40,77,82,52,63,34,67,96,23,57,49,14,11,90,24,53,44,60,33,72,27,95,36,87,47,37,70,88,54,3,13,56,93,68,29,19,79,30,50,92,6,100,42,74,75,21,98,51,84,16,76,99,78,38,86,48,94,69,0,0,0,0,0,0,0,0,0,0,0,0,0,0,0,0,0,0,0,0,0,0,0,0,0,0,0,0,0,0,0,0,0,0,0,0,0,0,0,0,0,0
58,15,71,22,20,18,45,89,73,25,66,64,80,1,65,32,81,10,85,83,46,43,17,35,97,9,28,31,8,12,96,26,77,82,55,59,7,44,41,2,33,70,34,63,62,67,27,54,49,40,4,52,88,57,61,72,91,60,39,90,42,11,24,5,13,74,21,51,56,98,23,87,37,3,14,16,92,53,95,78,75,50,79,30,68,100,94,84,29,36,76,38,48,99,6,69,47,93,86,19,0,0,0,0,0,0,0,0,0,0,0,0,0,0,0,0,0,0,0,0,0,0,0,0,0,0,0,0,0,0,0,0,0,0,0,0,0,0,0,0,0,0
90,60,7,33,34,82,61,67,88,91,5,70,26,63,44,22,27,2,77,24,4,65,96,39,3,57,54,55,13,14,18,56,8,52,40,83,58,85,28,71,81,43,17,9,1,10,73,46,45,31,64,20,80,35,97,89,12,15,62,32,25,59,66,41,49,30,68,69,93,79,48,47,94,75,23,98,11,95,92,53,87,72,21,51,50,37,74,16,42,84,36,76,29,78,38,99,6,100,86,19,0,0,0,0,0,0,0,0,0,0,0,0,0,0,0,0,0,0,0,0,0,0,0,0,0,0,0,0,0,0,0,0,0,0,0,0,0,0,0,0,0,0
62,49,20,71,67,96,25,64,63,22,41,59,32,77,15,7,73,34,66,85,33,9,4,18,28,31,17,83,58,43,97,45,81,12,46,10,35,89,1,8,80,27,88,54,3,82,56,92,14,65,87,95,52,72,40,55,26,16,51,21,57,91,60,44,39,61,2,70,24,5,78,36,30,93,13,23,48,75,69,100,53,86,90,94,11,50,74,42,84,37,29,98,76,99,68,38,79,6,47,19,0,0,0,0,0,0,0,0,0,0,0,0,0,0,0,0,0,0,0,0,0,0,0,0,0,0,0,0,0,0,0,0,0,0,0,0,0,0,0,0,0,0
55,26,57,5,72,39,27,40,23,24,61,2,88,64,60,3,13,65,56,96,14,77,66,4,70,91,82,54,44,33,87,52,92,95,11,50,98,25,53,15,74,41,32,1,7,9,35,8,46,97,17,83,45,81,85,12,18,28,31,10,43,80,58,89,73,62,20,59,67,22,63,71,34,49,100,90,29,42,37,51,21,47,99,84,16,36,78,68,76,79,30,93,6,19,86,38,48,75,94,69,0,0,0,0,0,0,0,0,0,0,0,0,0,0,0,0,0,0,0,0,0,0,0,0,0,0,0,0,0,0,0,0,0,0,0,0,0,0,0,0,0,0
78,93,30,6,79,47,48,38,19,99,76,36,100,68,86,75,69,51,16,98,94,42,84,50,21,37,29,92,95,90,3,40,74,11,87,53,72,67,82,55,65,4,61,91,26,39,34,59,60,24,32,22,41,18,64,89,15,8,12,1,83,80,81,46,9,10,97,85,35,17,45,28,31,43,58,25,73,7,63,20,66,96,77,71,88,62,27,23,44,5,33,49,57,14,70,13,2,56,52,54,0,0,0,0,0,0,0,0,0,0,0,0,0,0,0,0,0,0,0,0,0,0,0,0,0,0,0,0,0,0,0,0,0,0,0,0,0,0,0,0,0,0
56,27,40,14,50,3,11,54,52,72,57,23,87,33,90,53,92,42,13,21,55,74,98,95,88,61,16,91,29,5,39,60,44,70,2,24,36,99,79,84,51,37,47,76,78,66,25,22,32,41,62,77,10,71,35,73,59,18,81,43,46,28,1,9,17,31,97,12,45,83,85,58,64,8,80,89,20,15,7,65,82,67,96,4,63,34,26,49,75,68,100,6,30,93,38,48,19,69,94,86,0,0,0,0,0,0,0,0,0,0,0,0,0,0,0,0,0,0,0,0,0,0,0,0,0,0,0,0,0,0,0,0,0,0,0,0,0,0,0,0,0,0
35,12,85,28,8,45,97,9,17,10,46,18,81,83,31,41,32,43,64,1,80,89,73,59,58,67,25,65,66,15,57,82,4,7,62,22,96,20,63,34,40,71,24,44,26,70,39,60,55,91,33,13,61,54,27,14,5,49,2,77,11,56,88,3,87,98,92,23,52,74,50,53,84,95,42,72,90,38,51,99,16,21,48,78,29,37,76,36,93,47,19,75,86,30,69,79,94,100,68,6,0,0,0,0,0,0,0,0,0,0,0,0,0,0,0,0,0,0,0,0,0,0,0,0,0,0,0,0,0,0,0,0,0,0,0,0,0,0,0,0,0,0
67,82,63,25,65,34,4,44,60,55,26,81,2,49,91,39,77,7,22,61,70,57,54,27,13,24,5,23,52,18,33,88,56,89,14,45,11,17,43,10,46,28,97,12,35,58,83,1,9,73,31,80,85,64,32,41,8,20,71,66,59,62,96,98,84,15,36,79,30,93,75,94,48,86,19,40,92,3,90,87,42,50,72,21,95,53,37,29,16,51,74,76,78,38,47,6,68,69,100,99,0,0,0,0,0,0,0,0,0,0,0,0,0,0,0,0,0,0,0,0,0,0,0,0,0,0,0,0,0,0,0,0,0,0,0,0,0,0,0,0,0,0
51,78,37,79,99,76,30,48,68,75,50,21,16,84,6,36,95,100,98,53,29,42,90,47,74,11,93,19,94,69,38,86,3,92,23,87,72,56,14,40,67,65,32,96,63,34,66,8,31,91,12,20,7,58,15,10,43,83,71,1,80,97,9,18,17,46,28,85,73,81,45,35,64,89,41,77,22,25,59,62,82,4,2,57,55,49,26,61,33,60,24,5,44,39,54,70,52,88,13,27,0,0,0,0,0,0,0,0,0,0,0,0,0,0,0,0,0,0,0,0,0,0,0,0,0,0,0,0,0,0,0,0,0,0,0,0,0,0,0,0,0,0
8,32,89,80,64,7,41,18,59,43,83,15,1,62,22,25,71,81,10,9,17,58,97,31,85,35,46,28,12,82,26,73,96,65,44,70,33,39,67,20,66,5,49,24,63,34,14,61,4,77,45,91,40,3,55,95,23,2,53,98,60,92,74,51,27,13,29,50,54,57,76,56,88,87,11,52,99,90,30,6,79,72,38,21,48,42,16,47,19,37,36,84,93,78,75,68,69,100,86,94,0,0,0,0,0,0,0,0,0,0,0,0,0,0,0,0,0,0,0,0,0,0,0,0,0,0,0,0,0,0,0,0,0,0,0,0,0,0,0,0,0,0
33,88,39,27,61,13,57,2,55,49,52,26,24,54,70,14,3,5,95,44,91,60,77,82,11,65,56,40,53,87,90,72,18,42,23,74,51,84,15,50,64,45,20,85,41,73,81,62,7,9,46,31,17,28,12,43,97,83,35,89,8,1,34,80,10,71,58,32,96,66,59,25,63,22,4,67,94,92,98,21,29,36,30,76,37,16,78,93,38,68,79,99,48,6,86,100,47,69,75,19,0,0,0,0,0,0,0,0,0,0,0,0,0,0,0,0,0,0,0,0,0,0,0,0,0,0,0,0,0,0,0,0,0,0,0,0,0,0,0,0,0,0
74,16,76,72,51,84,29,36,93,98,38,78,99,30,48,21,37,95,42,50,6,53,79,52,68,14,69,56,75,11,100,94,54,47,27,88,40,3,23,87,92,90,19,86,77,96,28,73,34,82,4,26,65,71,15,62,18,1,85,45,41,35,9,46,31,17,8,83,97,43,12,81,10,64,58,89,66,20,80,32,22,59,7,25,63,2,60,67,70,91,33,39,24,55,57,44,61,49,5,13,0,0,0,0,0,0,0,0,0,0,0,0,0,0,0,0,0,0,0,0,0,0,0,0,0,0,0,0,0,0,0,0,0,0,0,0,0,0,0,0,0,0
100,19,94,6,69,68,75,47,30,86,79,93,38,48,78,29,84,74,36,16,76,99,37,21,92,72,42,50,53,95,98,51,49,91,60,55,26,77,61,65,2,66,62,20,22,71,34,80,25,64,1,89,73,58,45,43,85,97,46,17,9,10,81,83,35,28,31,18,12,8,41,59,7,32,15,82,96,63,67,4,44,57,39,24,27,33,70,88,3,40,5,23,13,54,14,56,87,52,11,90,0,0,0,0,0,0,0,0,0,0,0,0,0,0,0,0,0,0,0,0,0,0,0,0,0,0,0,0,0,0,0,0,0,0,0,0,0,0,0,0,0,0
85,81,28,9,46,10,83,43,1,97,17,45,35,80,18,58,31,8,12,32,73,64,7,15,41,89,59,63,25,22,66,20,67,34,96,62,71,60,57,91,4,61,82,65,77,5,24,26,33,55,70,44,39,27,13,56,2,3,87,92,54,88,49,23,14,40,11,53,95,90,52,42,98,72,50,21,16,51,36,74,78,37,99,48,84,29,100,76,6,93,38,68,30,47,75,94,69,79,86,19,0,0,0,0,0,0,0,0,0,0,0,0,0,0,0,0,0,0,0,0,0,0,0,0,0,0,0,0,0,0,0,0,0,0,0,0,0,0,0,0,0,0
19,69,86,94,75,68,100,93,47,6,79,48,38,78,30,99,76,37,36,16,84,21,51,29,98,42,50,74,61,91,26,2,70,24,60,39,88,44,96,33,62,59,20,15,89,66,34,41,1,64,18,31,81,85,45,10,17,97,46,83,9,43,35,28,80,73,8,58,12,32,71,22,7,4,25,82,63,77,65,67,55,57,53,49,5,27,13,3,40,54,14,23,56,52,11,95,87,90,72,92,0,0,0,0,0,0,0,0,0,0,0,0,0,0,0,0,0,0,0,0,0,0,0,0,0,0,0,0,0,0,0,0,0,0,0,0,0,0,0,0,0,0
36,29,84,16,76,51,38,50,78,37,47,30,40,95,56,74,21,72,92,42,11,98,93,14,99,52,53,68,69,90,48,27,19,100,3,79,87,75,88,86,57,94,6,23,71,4,65,77,66,82,20,62,22,26,1,15,96,28,41,18,59,58,89,85,45,46,81,43,83,35,17,97,9,31,8,10,64,12,80,25,73,7,32,63,34,67,55,91,61,24,70,39,44,5,2,60,33,13,49,54,0,0,0,0,0,0,0,0,0,0,0,0,0,0,0,0,0,0,0,0,0,0,0,0,0,0,0,0,0,0,0,0,0,0,0,0,0,0,0,0,0,0
89,7,31,73,80,1,59,25,8,35,28,32,41,85,10,97,17,96,71,62,83,46,45,81,12,43,63,18,64,58,82,9,33,26,15,4,65,57,20,66,22,67,5,70,24,13,34,49,88,3,77,60,2,23,91,44,55,95,52,74,98,50,39,37,42,54,61,21,84,78,11,27,14,40,99,87,56,92,90,53,48,38,69,72,75,19,86,51,29,76,36,30,93,16,79,6,47,68,100,94,0,0,0,0,0,0,0,0,0,0,0,0,0,0,0,0,0,0,0,0,0,0,0,0,0,0,0,0,0,0,0,0,0,0,0,0,0,0,0,0,0,0
75,86,6,93,48,68,79,19,30,69,100,94,47,38,78,76,84,37,36,99,98,16,29,74,51,42,53,50,90,87,95,72,92,21,55,26,49,63,82,4,70,25,67,39,66,44,62,22,59,80,64,58,32,73,45,18,85,17,9,46,97,10,28,35,31,81,12,83,43,89,8,15,41,1,34,7,20,71,65,96,60,77,91,61,57,27,24,88,2,33,5,14,56,13,11,3,54,52,23,40,0,0,0,0,0,0,0,0,0,0,0,0,0,0,0,0,0,0,0,0,0,0,0,0,0,0,0,0,0,0,0,0,0,0,0,0,0,0,0,0,0,0
31,73,41,1,12,64,28,15,35,80,89,8,85,20,97,46,9,17,45,66,18,10,62,83,81,55,34,58,71,77,63,2,25,43,26,32,60,7,70,59,96,54,44,27,33,88,13,65,82,4,67,22,56,52,3,23,53,87,91,61,24,39,5,57,51,49,72,29,74,37,14,84,16,76,36,93,78,30,40,11,90,95,42,50,92,21,98,86,94,69,38,99,48,79,68,47,6,100,75,19,0,0,0,0,0,0,0,0,0,0,0,0,0,0,0,0,0,0,0,0,0,0,0,0,0,0,0,0,0,0,0,0,0,0,0,0,0,0,0,0,0,0
57,55,33,61,27,91,13,26,65,5,24,39,70,60,14,49,88,3,54,56,77,87,44,20,2,23,62,82,11,95,92,40,72,58,90,15,18,1,8,32,45,31,7,43,71,46,9,10,83,85,80,28,12,97,17,35,89,73,64,25,22,63,81,67,59,96,41,34,66,4,99,6,100,68,94,69,52,50,53,51,84,74,42,98,21,16,29,37,78,76,30,36,47,79,75,19,48,38,93,86,0,0,0,0,0,0,0,0,0,0,0,0,0,0,0,0,0,0,0,0,0,0,0,0,0,0,0,0,0,0,0,0,0,0,0,0,0,0,0,0,0,0
96,67,4,63,25,62,34,77,71,20,49,82,15,32,73,61,22,59,41,7,65,26,60,12,35,28,8,17,85,9,1,80,97,46,31,81,10,43,83,45,58,18,89,64,66,90,11,52,3,13,53,72,42,92,21,51,29,98,16,76,74,55,70,91,44,39,5,2,88,24,33,68,57,54,27,99,47,14,56,23,69,19,87,86,6,40,95,50,37,30,84,36,78,38,93,48,79,100,75,94,0,0,0,0,0,0,0,0,0,0,0,0,0,0,0,0,0,0,0,0,0,0,0,0,0,0,0,0,0,0,0,0,0,0,0,0,0,0,0,0,0,0
32,62,59,58,4,41,22,20,66,15,7,89,8,82,77,34,96,71,2,65,26,63,18,43,64,10,1,45,46,97,9,17,35,81,83,85,31,28,12,80,25,44,73,88,40,14,23,56,11,72,52,53,67,95,50,74,3,91,61,55,39,49,57,27,33,70,60,24,5,51,36,13,78,99,54,90,30,79,87,47,68,100,19,93,86,92,42,98,21,37,29,84,16,76,6,38,75,48,69,94,0,0,0,0,0,0,0,0,0,0,0,0,0,0,0,0,0,0,0,0,0,0,0,0,0,0,0,0,0,0,0,0,0,0,0,0,0,0,0,0,0,0
77,52,54,56,88,27,23,53,61,14,90,24,11,5,33,92,72,13,26,55,44,49,39,3,82,95,2,60,91,57,40,70,42,87,50,51,21,16,84,98,29,7,22,25,64,32,15,74,41,12,18,8,43,9,81,83,85,10,45,17,97,31,46,28,35,89,73,62,58,80,71,1,20,34,66,59,63,96,67,4,65,30,37,36,99,47,76,75,93,38,78,79,68,6,48,86,69,100,19,94,0,0,0,0,0,0,0,0,0,0,0,0,0,0,0,0,0,0,0,0,0,0,0,0,0,0,0,0,0,0,0,0,0,0,0,0,0,0,0,0,0,0
100,99,38,78,98,48,84,30,6,47,16,76,79,75,36,19,93,37,69,94,92,51,21,50,29,86,74,68,53,95,90,42,87,72,11,52,56,3,67,82,2,34,44,63,7,4,77,65,55,59,43,80,64,32,89,18,10,81,8,35,17,85,97,9,83,46,28,45,12,31,1,58,15,41,71,22,25,62,96,66,20,73,91,27,26,33,57,39,60,61,24,70,49,88,5,54,14,13,23,40,0,0,0,0,0,0,0,0,0,0,0,0,0,0,0,0,0,0,0,0,0,0,0,0,0,0,0,0,0,0,0,0,0,0,0,0,0,0,0,0,0,0
60,91,2,55,96,26,65,24,77,62,4,61,20,44,57,70,33,66,73,59,82,34,41,71,67,39,49,5,1,27,54,8,23,13,9,31,28,32,35,46,97,83,85,17,18,45,12,43,10,64,81,58,89,80,15,7,25,22,63,95,21,74,51,16,99,48,78,30,76,47,68,100,86,88,69,19,6,94,40,14,3,52,53,72,56,87,11,90,50,42,92,29,37,98,84,38,36,93,79,75,0,0,0,0,0,0,0,0,0,0,0,0,0,0,0,0,0,0,0,0,0,0,0,0,0,0,0,0,0,0,0,0,0,0,0,0,0,0,0,0,0,0
3,38,16,51,84,95,78,21,37,76,99,74,29,6,98,11,42,50,30,36,75,100,92,72,23,90,40,48,87,93,14,53,69,79,19,52,68,47,13,56,94,86,65,34,4,63,67,22,49,73,77,58,31,15,8,32,1,71,10,7,83,85,28,9,46,17,97,81,12,45,35,43,18,89,80,25,64,59,96,41,55,20,62,66,57,33,70,60,44,27,26,61,91,39,5,24,82,88,54,2,0,0,0,0,0,0,0,0,0,0,0,0,0,0,0,0,0,0,0,0,0,0,0,0,0,0,0,0,0,0,0,0,0,0,0,0,0,0,0,0,0,0
5,3,52,54,13,33,2,14,11,90,88,56,95,24,27,57,44,26,49,87,23,70,55,60,61,53,96,4,39,91,72,42,84,40,21,92,74,51,98,89,59,25,29,7,80,64,32,66,8,34,58,10,73,17,43,97,31,9,46,45,83,85,35,81,28,12,18,1,15,71,20,63,22,62,41,82,67,65,86,77,50,37,99,30,68,93,16,36,76,38,78,69,48,47,19,6,75,79,100,94,0,0,0,0,0,0,0,0,0,0,0,0,0,0,0,0,0,0,0,0,0,0,0,0,0,0,0,0,0,0,0,0,0,0,0,0,0,0,0,0,0,0
52,23,72,40,14,11,54,56,87,57,3,13,90,50,95,91,24,33,61,88,5,27,2,74,39,49,70,44,60,55,53,21,37,92,29,42,84,78,16,51,98,32,76,99,59,22,62,41,15,10,20,66,58,43,18,45,83,85,12,64,31,17,97,46,9,35,28,81,1,89,8,80,71,73,25,7,96,82,4,26,34,63,77,67,65,36,68,47,79,94,30,38,93,69,75,48,6,19,100,86,0,0,0,0,0,0,0,0,0,0,0,0,0,0,0,0,0,0,0,0,0,0,0,0,0,0,0,0,0,0,0,0,0,0,0,0,0,0,0,0,0,0
45,46,18,64,35,17,1,28,97,85,81,31,9,10,83,43,80,15,58,12,59,73,8,66,89,41,20,7,62,34,4,25,32,22,71,82,77,96,65,63,67,91,39,60,61,24,55,44,57,70,27,88,26,2,23,49,52,5,33,13,40,14,54,53,56,3,42,11,98,95,87,90,72,74,92,76,21,84,50,37,29,36,51,68,78,93,47,79,99,16,48,30,100,38,6,19,69,75,86,94,0,0,0,0,0,0,0,0,0,0,0,0,0,0,0,0,0,0,0,0,0,0,0,0,0,0,0,0,0,0,0,0,0,0,0,0,0,0,0,0,0,0
27,24,88,57,52,54,40,23,14,11,87,33,13,26,55,90,61,56,39,72,50,5,53,70,49,42,60,21,92,98,91,95,29,74,84,2,16,76,51,37,36,38,66,20,22,71,64,15,31,32,59,41,1,18,28,9,45,35,83,97,17,46,43,10,85,81,12,89,80,8,58,73,25,7,65,96,4,62,77,34,44,82,67,63,3,68,30,47,78,99,100,19,69,6,79,93,94,75,48,86,0,0,0,0,0,0,0,0,0,0,0,0,0,0,0,0,0,0,0,0,0,0,0,0,0,0,0,0,0,0,0,0,0,0,0,0,0,0,0,0,0,0
15,22,62,34,71,20,73,7,41,89,32,80,58,25,66,44,4,35,63,82,45,81,28,64,46,17,97,10,9,31,43,83,85,18,12,1,8,59,49,70,88,14,13,2,52,56,60,96,77,23,65,67,54,11,53,40,72,90,95,26,55,61,33,39,91,57,24,5,27,76,30,51,74,29,3,36,68,87,75,93,92,69,98,6,21,42,50,16,37,84,38,99,78,48,47,79,19,100,86,94,0,0,0,0,0,0,0,0,0,0,0,0,0,0,0,0,0,0,0,0,0,0,0,0,0,0,0,0,0,0,0,0,0,0,0,0,0,0,0,0,0,0
21,53,56,3,95,87,42,72,29,54,11,92,52,23,74,40,14,27,50,90,88,93,36,13,44,33,37,30,5,61,49,39,70,24,60,76,57,2,68,38,99,98,51,47,16,84,79,25,22,62,34,32,66,59,20,71,15,4,58,81,1,64,85,45,43,10,46,97,9,17,83,35,31,18,28,12,89,80,8,73,41,96,82,65,7,26,77,63,67,91,55,78,48,19,69,100,75,6,86,94,0,0,0,0,0,0,0,0,0,0,0,0,0,0,0,0,0,0,0,0,0,0,0,0,0,0,0,0,0,0,0,0,0,0,0,0,0,0,0,0,0,0
95,11,50,87,23,90,14,92,13,53,42,3,96,40,52,72,74,51,21,37,57,56,29,98,76,36,33,16,78,70,88,5,27,39,24,54,99,38,2,48,30,84,93,69,68,59,47,100,79,63,75,6,15,66,62,20,77,58,80,1,10,89,31,8,45,18,83,46,17,85,97,43,9,81,35,64,12,28,73,41,7,71,25,32,22,82,67,34,65,26,91,4,61,60,55,44,49,19,86,94,0,0,0,0,0,0,0,0,0,0,0,0,0,0,0,0,0,0,0,0,0,0,0,0,0,0,0,0,0,0,0,0,0,0,0,0,0,0,0,0,0,0
92,90,42,74,87,98,53,29,95,50,21,11,72,56,51,52,36,40,14,23,84,37,16,93,38,76,3,49,99,44,24,55,5,91,70,57,13,88,54,30,6,47,78,48,79,68,69,75,19,7,22,86,63,62,41,58,71,89,43,80,20,81,25,32,12,97,17,83,10,35,46,45,85,9,18,31,28,1,59,8,73,64,15,66,34,96,82,67,4,65,77,39,60,61,2,33,27,26,100,94,0,0,0,0,0,0,0,0,0,0,0,0,0,0,0,0,0,0,0,0,0,0,0,0,0,0,0,0,0,0,0,0,0,0,0,0,0,0,0,0,0,0
2,70,44,60,39,88,63,49,33,26,91,65,55,67,61,4,82,24,59,5,27,13,34,62,96,77,66,57,80,54,52,23,10,14,58,43,73,12,45,31,83,97,35,81,46,28,17,9,85,18,89,1,64,15,71,8,20,32,22,41,7,25,84,76,38,99,93,68,6,75,69,86,79,19,100,48,87,11,40,95,90,56,3,72,42,53,21,92,50,74,16,98,51,37,29,36,78,30,47,94,0,0,0,0,0,0,0,0,0,0,0,0,0,0,0,0,0,0,0,0,0,0,0,0,0,0,0,0,0,0,0,0,0,0,0,0,0,0,0,0,0,0
34,77,25,65,82,63,7,96,26,59,62,67,4,22,89,83,39,41,32,20,60,44,91,2,55,8,61,80,43,35,81,1,58,17,73,97,46,45,10,85,28,64,9,18,12,15,31,71,66,53,40,90,92,98,74,21,11,29,50,49,95,51,76,70,37,5,99,36,47,68,27,57,24,33,6,88,13,23,54,3,52,56,14,72,87,42,16,30,84,78,93,48,75,79,86,19,100,38,69,94,0,0,0,0,0,0,0,0,0,0,0,0,0,0,0,0,0,0,0,0,0,0,0,0,0,0,0,0,0,0,0,0,0,0,0,0,0,0,0,0,0,0
23,42,21,90,92,53,87,74,51,36,82,95,98,37,11,5,52,16,84,29,93,3,99,78,14,50,48,79,70,40,44,13,24,60,49,68,54,56,30,33,72,76,59,86,38,19,100,89,63,47,69,75,96,34,67,1,80,8,20,62,66,7,64,73,31,32,25,17,85,97,35,83,43,10,46,81,9,45,28,18,12,41,58,15,77,71,22,91,2,4,65,57,55,26,39,27,61,88,6,94,0,0,0,0,0,0,0,0,0,0,0,0,0,0,0,0,0,0,0,0,0,0,0,0,0,0,0,0,0,0,0,0,0,0,0,0,0,0,0,0,0,0
64,66,80,8,81,28,12,35,83,73,43,17,97,46,9,85,18,45,25,10,31,20,58,1,71,32,15,89,77,41,34,65,7,59,4,91,22,55,62,26,63,82,67,96,2,60,5,33,54,39,49,40,23,87,44,24,61,70,90,56,27,57,53,13,72,50,88,92,3,14,98,74,52,36,29,84,11,47,76,42,95,68,21,79,37,16,51,69,86,48,99,38,78,93,30,6,75,100,19,94,0,0,0,0,0,0,0,0,0,0,0,0,0,0,0,0,0,0,0,0,0,0,0,0,0,0,0,0,0,0,0,0,0,0,0,0,0,0,0,0,0,0
4,96,49,67,63,71,77,60,62,61,70,66,5,73,20,59,41,55,65,91,34,22,57,54,1,26,24,33,88,28,45,89,13,31,97,46,17,10,81,83,85,35,43,58,9,12,8,18,80,15,25,64,7,42,92,82,32,11,21,2,51,37,98,29,30,44,16,39,78,27,93,38,69,48,68,14,40,52,19,94,87,23,56,3,72,95,90,53,74,84,36,50,76,99,47,79,6,86,75,100,0,0,0,0,0,0,0,0,0,0,0,0,0,0,0,0,0,0,0,0,0,0,0,0,0,0,0,0,0,0,0,0,0,0,0,0,0,0,0,0,0,0
72,56,14,23,54,40,52,3,5,88,13,27,53,57,50,42,90,92,11,39,87,95,67,33,51,70,26,2,24,49,60,44,21,16,98,29,76,74,37,78,84,30,15,79,99,62,71,32,25,22,8,73,41,12,58,85,35,31,10,46,9,97,17,83,81,28,43,45,18,64,1,89,80,82,7,66,59,20,96,63,77,34,4,55,91,61,65,47,19,36,68,48,38,86,100,93,75,6,69,94,0,0,0,0,0,0,0,0,0,0,0,0,0,0,0,0,0,0,0,0,0,0,0,0,0,0,0,0,0,0,0,0,0,0,0,0,0,0,0,0,0,0
93,36,99,30,38,6,76,47,79,78,84,29,68,19,72,16,51,48,75,86,100,69,94,42,37,98,50,40,74,53,56,3,52,95,92,14,11,87,90,21,65,4,26,66,82,96,67,39,60,25,2,44,41,32,15,64,59,12,45,81,18,28,31,46,9,97,17,43,10,35,85,83,1,8,58,89,80,73,22,20,62,71,34,7,63,77,88,91,55,23,24,57,27,33,5,13,61,70,49,54,0,0,0,0,0,0,0,0,0,0,0,0,0,0,0,0,0,0,0,0,0,0,0,0,0,0,0,0,0,0,0,0,0,0,0,0,0,0,0,0,0,0
43,83,10,85,31,97,9,17,81,46,12,28,73,35,45,71,89,25,7,8,64,18,1,58,80,59,41,96,20,67,32,63,15,62,22,55,66,91,77,49,82,34,33,26,60,4,65,57,5,2,44,24,13,61,54,70,39,14,72,23,88,27,87,50,74,92,3,52,11,40,56,21,90,51,98,37,42,95,6,16,99,48,84,76,53,36,29,38,75,100,78,69,93,19,86,30,47,79,68,94,0,0,0,0,0,0,0,0,0,0,0,0,0,0,0,0,0,0,0,0,0,0,0,0,0,0,0,0,0,0,0,0,0,0,0,0,0,0,0,0,0,0
14,87,3,52,11,72,95,27,54,74,56,53,23,13,92,88,40,98,37,70,90,50,42,29,21,99,51,24,49,60,5,33,55,57,39,84,47,36,76,93,38,78,30,16,20,6,66,59,62,19,41,71,25,73,22,80,1,64,28,35,12,8,9,17,97,46,85,31,83,45,10,81,18,43,89,58,7,32,15,96,26,4,65,82,67,63,34,77,91,44,2,61,94,100,79,48,68,69,86,75,0,0,0,0,0,0,0,0,0,0,0,0,0,0,0,0,0,0,0,0,0,0,0,0,0,0,0,0,0,0,0,0,0,0,0,0,0,0,0,0,0,0
41,18,15,32,66,22,82,62,20,58,59,12,77,34,71,10,7,31,67,2,43,4,63,91,9,83,45,85,81,1,73,46,28,97,64,35,89,8,17,25,24,88,80,57,23,61,40,3,65,56,96,39,87,53,52,11,14,26,55,33,50,44,95,49,98,42,51,60,36,84,13,70,27,16,78,54,5,72,48,68,6,79,100,90,94,92,74,21,76,29,99,38,93,37,75,47,30,69,19,86,0,0,0,0,0,0,0,0,0,0,0,0,0,0,0,0,0,0,0,0,0,0,0,0,0,0,0,0,0,0,0,0,0,0,0,0,0,0,0,0,0,0
37,51,98,50,42,21,36,16,74,92,95,99,84,90,3,78,53,93,29,52,40,30,11,23,56,87,72,69,27,76,13,38,88,54,5,48,70,14,47,79,19,15,75,94,6,100,86,68,34,96,63,65,59,77,20,73,71,41,1,62,64,7,35,8,31,9,28,45,46,83,17,81,10,58,97,85,12,18,43,89,80,25,32,66,22,67,82,4,24,33,61,91,2,39,55,57,26,60,49,44,0,0,0,0,0,0,0,0,0,0,0,0,0,0,0,0,0,0,0,0,0,0,0,0,0,0,0,0,0,0,0,0,0,0,0,0,0,0,0,0,0,0
81,97,9,83,43,12,31,46,10,17,35,73,28,45,85,64,58,18,8,71,1,41,25,32,20,80,89,62,67,7,59,22,82,15,66,77,2,34,91,60,65,63,96,4,49,39,26,55,61,24,88,54,33,44,5,57,70,40,27,3,13,16,72,92,50,95,56,14,90,23,74,52,53,11,87,29,37,98,42,51,21,78,36,84,30,99,38,93,79,76,75,6,47,68,94,100,69,86,19,48,0,0,0,0,0,0,0,0,0,0,0,0,0,0,0,0,0,0,0,0,0,0,0,0,0,0,0,0,0,0,0,0,0,0,0,0,0,0,0,0,0,0
47,48,79,100,75,38,69,6,86,84,68,93,30,16,94,76,19,99,78,29,74,36,51,98,53,37,72,50,52,21,42,95,56,92,87,90,77,55,26,44,96,33,4,71,91,73,15,25,41,20,63,45,7,85,12,35,9,8,97,46,81,83,17,28,18,64,10,1,31,43,80,58,89,32,22,59,66,82,62,67,34,65,24,61,57,27,39,70,60,2,40,5,88,54,13,23,3,14,49,11,0,0,0,0,0,0,0,0,0,0,0,0,0,0,0,0,0,0,0,0,0,0,0,0,0,0,0,0,0,0,0,0,0,0,0,0,0,0,0,0,0,0
80,25,1,89,15,58,64,8,32,12,73,22,7,43,81,66,35,9,17,46,10,97,83,45,18,85,31,34,63,71,28,59,65,44,20,49,41,26,60,27,39,2,62,67,96,77,70,13,91,54,82,55,4,56,14,52,88,61,24,5,90,33,92,42,57,29,40,16,21,3,51,76,36,23,84,38,87,11,53,72,47,98,50,95,100,75,68,74,37,86,19,99,78,30,6,48,93,79,69,94,0,0,0,0,0,0,0,0,0,0,0,0,0,0,0,0,0,0,0,0,0,0,0,0,0,0,0,0,0,0,0,0,0,0,0,0,0,0,0,0,0,0
10,80,35,45,18,43,8,83,89,1,97,46,17,81,58,31,85,12,15,28,25,32,64,65,59,22,9,73,41,4,62,34,63,67,7,66,39,71,44,61,20,96,77,5,70,91,49,82,13,57,55,26,60,88,24,3,27,33,56,11,87,54,14,2,23,90,52,98,42,92,40,37,29,84,53,95,72,50,21,38,30,93,74,51,99,68,36,16,76,19,86,78,6,69,48,47,75,79,100,94,0,0,0,0,0,0,0,0,0,0,0,0,0,0,0,0,0,0,0,0,0,0,0,0,0,0,0,0,0,0,0,0,0,0,0,0,0,0,0,0,0,0
29,47,93,99,68,36,51,98,76,79,19,16,50,21,84,30,78,53,74,100,42,92,3,69,40,72,75,11,95,37,56,90,14,38,87,6,48,86,52,88,5,23,94,96,4,71,77,22,65,32,82,7,25,2,41,28,64,9,85,18,12,1,17,97,46,35,81,10,43,83,31,45,8,62,80,58,59,89,20,73,66,15,34,91,67,26,39,63,55,24,60,44,13,61,49,27,54,70,57,33,0,0,0,0,0,0,0,0,0,0,0,0,0,0,0,0,0,0,0,0,0,0,0,0,0,0,0,0,0,0,0,0,0,0,0,0,0,0,0,0,0,0
65,89,34,59,32,66,62,41,22,96,63,71,67,4,82,77,25,39,91,15,61,55,26,49,10,45,43,81,97,17,46,35,31,83,85,12,1,9,58,64,18,8,28,80,73,20,7,11,87,52,2,23,90,40,95,92,50,42,57,44,72,70,21,33,60,36,37,93,13,54,24,5,56,27,88,78,14,69,47,86,3,53,19,94,98,74,29,51,16,84,76,38,48,30,99,68,79,6,75,100,0,0,0,0,0,0,0,0,0,0,0,0,0,0,0,0,0,0,0,0,0,0,0,0,0,0,0,0,0,0,0,0,0,0,0,0,0,0,0,0,0,0
9,17,46,35,97,83,85,45,28,18,10,58,43,31,12,1,8,64,81,80,41,15,89,73,65,25,32,66,59,20,22,7,62,4,67,34,82,63,96,77,91,39,26,71,44,55,61,70,24,60,57,2,27,5,88,33,49,54,13,14,23,40,56,11,3,52,53,90,72,87,42,95,92,98,74,50,36,29,84,21,93,51,76,37,16,47,99,78,38,30,6,79,68,48,19,100,86,75,94,69,0,0,0,0,0,0,0,0,0,0,0,0,0,0,0,0,0,0,0,0,0,0,0,0,0,0,0,0,0,0,0,0,0,0,0,0,0,0,0,0,0,0
61,44,27,2,40,24,91,57,70,23,39,54,33,52,5,13,11,87,55,60,67,88,65,56,90,63,4,53,82,26,3,14,50,49,42,72,95,92,21,35,7,74,10,66,58,89,45,80,43,81,83,18,31,1,46,64,28,97,17,8,85,9,12,25,20,41,59,15,22,73,77,62,32,96,71,34,98,84,37,51,36,78,29,93,16,79,48,76,38,68,47,99,30,19,75,69,100,86,6,94,0,0,0,0,0,0,0,0,0,0,0,0,0,0,0,0,0,0,0,0,0,0,0,0,0,0,0,0,0,0,0,0,0,0,0,0,0,0,0,0,0,0
1,64,58,18,41,25,43,80,12,83,8,10,59,28,32,17,45,46,9,97,85,35,31,22,7,82,81,77,73,89,71,15,20,2,91,65,55,67,66,62,34,24,63,61,4,54,96,5,40,33,39,49,3,26,56,60,44,57,23,27,70,13,50,90,21,53,98,88,51,16,92,14,87,37,52,11,95,78,72,79,36,42,93,47,74,30,6,75,29,84,76,94,99,48,38,68,100,19,69,86,0,0,0,0,0,0,0,0,0,0,0,0,0,0,0,0,0,0,0,0,0,0,0,0,0,0,0,0,0,0,0,0,0,0,0,0,0,0,0,0,0,0
59,8,32,62,7,89,66,58,4,41,80,20,22,65,96,67,15,44,34,77,63,39,71,10,83,64,35,97,31,46,85,43,9,28,81,17,45,18,25,1,12,73,2,40,14,23,3,87,72,49,95,11,53,82,90,50,92,74,5,91,26,42,55,61,24,60,70,33,57,13,37,99,38,47,30,27,88,54,52,19,56,86,69,21,98,51,16,29,36,84,76,78,48,93,68,75,6,79,100,94,0,0,0,0,0,0,0,0,0,0,0,0,0,0,0,0,0,0,0,0,0,0,0,0,0,0,0,0,0,0,0,0,0,0,0,0,0,0,0,0,0,0
54,14,13,11,70,52,88,5,3,56,23,96,27,53,40,24,87,49,90,33,2,72,95,44,60,74,98,92,26,39,42,91,57,84,61,36,50,29,38,21,37,51,71,73,15,25,41,7,35,59,85,89,28,45,80,17,46,12,97,9,18,10,83,31,8,43,81,58,64,1,32,65,82,20,22,62,34,4,63,66,67,77,55,16,86,69,76,30,99,93,78,94,48,47,68,19,6,100,79,75,0,0,0,0,0,0,0,0,0,0,0,0,0,0,0,0,0,0,0,0,0,0,0,0,0,0,0,0,0,0,0,0,0,0,0,0,0,0,0,0,0,0
30,68,75,47,78,100,93,37,38,6,79,48,69,76,19,86,94,99,36,21,16,29,42,74,51,98,84,3,92,11,87,72,53,90,50,95,96,65,4,34,67,49,89,77,63,20,71,66,22,58,25,73,80,35,15,1,31,43,17,28,97,10,46,9,83,81,12,18,85,64,45,8,32,41,62,7,82,59,60,2,26,55,91,70,88,44,61,54,39,27,33,24,57,13,5,52,23,40,14,56,0,0,0,0,0,0,0,0,0,0,0,0,0,0,0,0,0,0,0,0,0,0,0,0,0,0,0,0,0,0,0,0,0,0,0,0,0,0,0,0,0,0
18,31,45,12,28,81,89,71,85,64,58,9,46,17,80,35,83,73,97,43,22,1,10,8,15,62,7,20,96,66,41,67,26,25,32,44,59,49,55,39,70,65,4,82,34,63,77,27,60,88,91,14,24,33,2,61,57,72,40,52,53,5,13,87,54,21,74,56,16,11,29,23,3,90,95,92,76,42,99,50,38,84,30,98,47,51,78,37,36,68,69,100,79,94,6,48,93,75,19,86,0,0,0,0,0,0,0,0,0,0,0,0,0,0,0,0,0,0,0,0,0,0,0,0,0,0,0,0,0,0,0,0,0,0,0,0,0,0,0,0,0,0
86,69,68,75,19,94,100,99,48,6,38,93,30,79,47,76,78,37,21,36,51,16,53,29,50,42,74,98,95,84,92,60,44,2,39,49,26,70,67,65,25,66,20,34,80,59,64,35,58,8,1,43,12,31,83,10,17,9,97,46,45,81,28,18,73,85,41,89,32,15,22,7,62,63,82,4,71,77,96,91,61,57,55,24,5,33,88,27,13,56,54,11,23,52,3,14,40,90,87,72,0,0,0,0,0,0,0,0,0,0,0,0,0,0,0,0,0,0,0,0,0,0,0,0,0,0,0,0,0,0,0,0,0,0,0,0,0,0,0,0,0,0
16,79,29,76,53,74,21,90,84,51,92,37,42,98,78,50,99,30,36,68,48,75,87,38,95,93,23,3,6,72,69,47,52,86,100,5,56,19,14,54,11,94,4,63,82,34,96,77,7,66,89,80,67,64,32,12,22,8,17,31,97,9,83,73,81,46,10,43,85,45,28,18,1,35,58,71,15,20,41,62,59,25,26,60,33,2,49,44,55,91,61,24,70,57,88,27,39,13,40,65,0,0,0,0,0,0,0,0,0,0,0,0,0,0,0,0,0,0,0,0,0,0,0,0,0,0,0,0,0,0,0,0,0,0,0,0,0,0,0,0,0,0
84,21,74,37,29,16,92,11,98,95,51,42,78,36,99,76,48,90,100,38,79,23,40,6,72,30,57,50,14,52,75,68,87,56,47,53,93,69,19,13,3,86,94,59,63,67,34,4,65,77,62,55,91,82,22,60,43,89,7,73,80,10,83,58,97,35,81,31,28,17,46,85,45,18,9,1,12,64,8,32,41,25,15,66,71,20,96,26,61,44,2,24,39,33,70,49,5,27,54,88,0,0,0,0,0,0,0,0,0,0,0,0,0,0,0,0,0,0,0,0,0,0,0,0,0,0,0,0,0,0,0,0,0,0,0,0,0,0,0,0,0,0
87,72,95,21,57,56,90,52,53,42,54,50,14,92,29,27,16,11,23,51,74,40,88,84,98,37,36,38,76,68,78,24,30,61,33,93,3,13,99,69,75,79,6,100,19,47,48,94,86,66,71,20,22,34,77,82,62,18,73,64,83,45,58,80,9,31,43,81,46,28,97,10,17,12,35,1,85,89,15,8,7,32,25,41,49,59,96,63,67,4,26,44,2,60,55,65,91,70,39,5,0,0,0,0,0,0,0,0,0,0,0,0,0,0,0,0,0,0,0,0,0,0,0,0,0,0,0,0,0,0,0,0,0,0,0,0,0,0,0,0,0,0
79,6,100,48,47,78,75,93,36,38,30,19,86,69,68,16,76,94,99,92,84,29,21,51,37,40,90,98,50,53,3,42,95,74,72,67,55,4,34,65,7,82,60,59,57,22,32,89,25,91,43,66,41,64,8,58,15,28,81,35,83,17,10,97,85,9,18,46,45,12,31,80,1,77,73,71,63,96,61,62,20,26,2,49,44,39,5,24,54,33,70,13,27,87,23,56,14,88,11,52,0,0,0,0,0,0,0,0,0,0,0,0,0,0,0,0,0,0,0,0,0,0,0,0,0,0,0,0,0,0,0,0,0,0,0,0,0,0,0,0,0,0
13,57,23,70,44,2,5,88,24,33,40,14,39,72,54,87,56,91,60,3,49,61,52,63,92,27,90,67,42,53,50,11,95,21,51,98,26,37,74,29,16,89,41,15,10,80,58,31,97,8,35,45,81,83,1,46,64,17,9,85,28,43,18,12,71,25,22,7,20,59,73,32,62,66,96,4,77,34,55,82,65,38,76,84,69,99,68,36,78,100,75,79,30,93,48,47,6,19,86,94,0,0,0,0,0,0,0,0,0,0,0,0,0,0,0,0,0,0,0,0,0,0,0,0,0,0,0,0,0,0,0,0,0,0,0,0,0,0,0,0,0,0
50,37,51,98,16,42,74,84,92,87,36,72,21,78,53,99,29,76,52,93,95,38,56,30,48,79,68,90,54,47,27,69,3,88,75,11,14,23,6,40,86,94,100,19,77,63,34,82,67,65,71,26,85,18,73,64,28,25,96,45,9,81,12,8,46,17,35,97,10,83,31,43,1,58,89,20,41,80,15,59,32,66,7,22,62,4,61,2,91,60,39,24,55,33,70,49,5,57,44,13,0,0,0,0,0,0,0,0,0,0,0,0,0,0,0,0,0,0,0,0,0,0,0,0,0,0,0,0,0,0,0,0,0,0,0,0,0,0,0,0,0,0
42,95,92,53,21,50,98,87,72,29,37,90,74,51,16,84,30,36,99,14,56,11,23,40,52,3,76,78,93,38,47,79,61,33,88,13,24,54,5,68,100,19,69,75,48,94,6,86,63,22,67,66,7,32,18,80,12,15,71,25,83,8,10,43,9,81,46,97,35,17,1,45,31,85,28,64,58,89,20,73,59,41,62,96,34,39,65,77,4,82,91,55,26,44,49,27,2,70,60,57,0,0,0,0,0,0,0,0,0,0,0,0,0,0,0,0,0,0,0,0,0,0,0,0,0,0,0,0,0,0,0,0,0,0,0,0,0,0,0,0,0,0
53,50,87,92,90,14,72,95,42,52,74,98,56,11,21,23,54,29,3,40,16,84,51,37,36,88,38,76,30,24,70,57,60,5,13,27,44,33,93,99,78,6,48,68,47,69,19,79,75,20,63,62,34,41,73,66,7,80,59,12,58,35,89,97,1,17,9,85,46,81,43,10,83,45,31,28,8,18,64,32,15,25,22,71,96,67,4,65,77,49,82,55,39,91,61,26,2,86,100,94,0,0,0,0,0,0,0,0,0,0,0,0,0,0,0,0,0,0,0,0,0,0,0,0,0,0,0,0,0,0,0,0,0,0,0,0,0,0,0,0,0,0
7,71,73,96,62,67,20,63,15,66,22,77,25,41,59,60,34,82,57,4,12,28,85,9,31,1,55,46,35,8,83,97,17,45,10,18,43,81,64,58,32,80,3,89,13,92,88,14,52,95,50,65,72,51,42,26,98,37,74,53,49,29,91,24,61,33,39,27,44,2,70,54,5,79,48,56,93,40,100,87,11,47,23,19,90,94,21,16,84,76,36,78,99,38,30,68,69,6,86,75,0,0,0,0,0,0,0,0,0,0,0,0,0,0,0,0,0,0,0,0,0,0,0,0,0,0,0,0,0,0,0,0,0,0,0,0,0,0,0,0,0,0
48,74,53,29,36,37,99,76,50,16,93,79,51,42,87,98,38,84,72,47,21,14,30,100,6,68,52,86,19,75,94,78,90,54,56,88,27,3,92,95,69,23,11,77,96,82,66,20,65,4,85,63,9,12,18,80,64,41,28,58,8,97,46,17,35,45,83,1,10,81,31,43,89,25,59,32,15,73,67,7,71,62,22,34,26,39,55,91,61,60,57,2,44,24,33,5,40,70,13,49,0,0,0,0,0,0,0,0,0,0,0,0,0,0,0,0,0,0,0,0,0,0,0,0,0,0,0,0,0,0,0,0,0,0,0,0,0,0,0,0,0,0
24,5,70,44,49,60,33,13,40,2,27,91,3,88,39,55,63,67,4,54,96,82,61,57,26,34,87,14,23,56,65,92,11,98,72,7,25,80,89,28,35,59,64,8,81,85,97,17,12,83,1,9,46,31,10,18,43,45,41,58,32,73,22,20,15,77,62,71,48,100,19,66,86,69,52,90,53,95,42,21,74,50,29,51,37,16,38,99,84,36,76,47,78,79,30,93,6,75,94,68,0,0,0,0,0,0,0,0,0,0,0,0,0,0,0,0,0,0,0,0,0,0,0,0,0,0,0,0,0,0,0,0,0,0,0,0,0,0,0,0,0,0
76,98,36,84,37,93,16,78,90,21,53,51,92,99,42,29,50,74,38,30,68,48,6,79,87,47,95,75,3,100,86,19,94,69,23,5,11,40,14,54,52,56,72,34,67,77,82,63,7,32,2,80,25,89,20,41,12,35,1,43,97,85,17,10,9,46,81,31,83,45,28,58,73,18,64,8,59,15,22,66,96,71,62,49,60,55,91,61,65,4,44,57,26,39,24,70,33,13,88,27,0,0,0,0,0,0,0,0,0,0,0,0,0,0,0,0,0,0,0,0,0,0,0,0,0,0,0,0,0,0,0,0,0,0,0,0,0,0,0,0,0,0
28,85,81,97,45,46,17,10,31,9,64,35,83,71,8,18,43,62,1,73,7,12,80,89,22,15,58,59,32,25,20,96,41,66,82,63,4,77,34,67,26,60,55,33,91,27,2,88,70,44,24,61,57,39,49,5,40,13,14,72,92,3,52,54,95,51,23,42,87,56,90,30,11,21,37,53,50,74,78,98,76,29,16,99,65,84,79,68,48,75,100,36,38,6,47,69,93,19,86,94,0,0,0,0,0,0,0,0,0,0,0,0,0,0,0,0,0,0,0,0,0,0,0,0,0,0,0,0,0,0,0,0,0,0,0,0,0,0,0,0,0,0
83,35,43,17,9,31,10,97,46,81,1,85,45,18,64,12,28,80,89,58,66,8,15,25,73,20,71,22,7,59,77,32,34,96,65,41,63,62,24,4,55,26,61,91,67,49,44,39,2,27,60,33,5,70,82,13,90,52,54,57,56,87,11,88,40,23,14,3,50,53,21,72,95,92,51,42,98,37,29,76,74,16,47,38,36,69,84,48,68,78,30,99,19,79,93,86,75,100,6,94,0,0,0,0,0,0,0,0,0,0,0,0,0,0,0,0,0,0,0,0,0,0,0,0,0,0,0,0,0,0,0,0,0,0,0,0,0,0,0,0,0,0
70,2,60,49,26,77,39,61,44,82,34,4,91,55,88,20,66,54,24,67,62,52,22,90,33,5,27,13,57,23,84,58,1,64,18,80,15,73,9,43,31,46,81,83,17,97,10,45,28,35,12,85,71,89,8,32,41,25,7,59,63,96,65,30,68,16,79,78,75,99,6,40,93,69,47,100,86,56,14,11,95,72,3,87,50,92,53,98,74,51,42,21,29,36,37,76,48,38,94,19,0,0,0,0,0,0,0,0,0,0,0,0,0,0,0,0,0,0,0,0,0,0,0,0,0,0,0,0,0,0,0,0,0,0,0,0,0,0,0,0,0,0
40,20,26,39,24,55,60,33,27,70,44,49,82,91,2,65,5,77,88,57,54,96,13,61,34,4,14,52,72,3,23,31,90,11,56,87,53,64,18,9,1,58,8,28,85,83,80,12,89,17,43,46,97,10,45,81,73,71,25,22,62,15,32,59,7,66,35,63,41,67,94,19,79,100,95,50,92,98,42,74,51,84,21,37,76,16,29,36,78,99,47,30,68,6,93,48,69,86,38,75,0,0,0,0,0,0,0,0,0,0,0,0,0,0,0,0,0,0,0,0,0,0,0,0,0,0,0,0,0,0,0,0,0,0,0,0,0,0,0,0,0,0
82,33,55,26,60,61,44,91,49,4,77,57,66,70,25,2,20,88,27,13,71,67,12,5,24,54,65,39,56,64,80,3,73,9,45,89,85,52,31,97,15,17,18,46,28,81,43,83,58,1,10,35,8,32,7,22,62,41,96,63,34,53,30,78,100,59,76,38,69,48,47,79,99,75,19,86,94,14,87,40,23,42,74,72,90,11,50,95,92,98,51,29,21,16,84,93,37,68,6,36,0,0,0,0,0,0,0,0,0,0,0,0,0,0,0,0,0,0,0,0,0,0,0,0,0,0,0,0,0,0,0,0,0,0,0,0,0,0,0,0,0,0
68,30,86,69,93,75,47,100,48,19,6,94,79,38,78,37,76,99,84,98,36,51,16,29,21,74,50,53,42,95,72,92,90,2,55,34,39,96,67,82,25,57,63,20,7,62,89,59,73,64,41,8,15,28,45,85,31,9,17,46,10,97,83,81,35,12,43,80,58,1,32,71,66,4,77,22,60,65,26,3,91,88,5,33,24,61,70,44,27,49,54,13,56,18,40,14,11,23,52,87,0,0,0,0,0,0,0,0,0,0,0,0,0,0,0,0,0,0,0,0,0,0,0,0,0,0,0,0,0,0,0,0,0,0,0,0,0,0,0,0,0,0
25,34,96,82,77,65,67,4,91,60,71,55,63,39,62,28,26,57,20,22,32,66,49,24,5,2,44,64,61,45,12,85,46,8,17,9,81,35,97,18,73,1,31,41,83,43,89,58,59,80,7,15,74,37,98,27,10,51,42,50,84,36,29,99,78,76,33,54,38,70,88,93,47,13,40,6,52,3,14,56,86,94,23,87,72,53,92,11,95,90,21,16,30,79,100,68,48,75,69,19,0,0,0,0,0,0,0,0,0,0,0,0,0,0,0,0,0,0,0,0,0,0,0,0,0,0,0,0,0,0,0,0,0,0,0,0,0,0,0,0,0,0
11,40,90,95,56,92,50,42,21,3,98,87,36,29,37,51,57,23,5,74,53,16,84,76,93,13,47,99,68,30,61,49,91,27,52,14,72,24,78,19,69,100,38,59,32,7,22,6,48,89,79,81,65,58,66,62,34,43,8,4,67,41,10,15,83,45,1,18,35,28,64,17,46,97,73,80,25,71,31,12,9,85,20,96,82,77,63,39,26,55,44,60,2,70,88,54,33,75,86,94,0,0,0,0,0,0,0,0,0,0,0,0,0,0,0,0,0,0,0,0,0,0,0,0,0,0,0,0,0,0,0,0,0,0,0,0,0,0,0,0,0,0
91,63,67,4,55,57,96,82,34,77,65,62,60,61,24,33,49,20,87,41,39,2,70,26,27,44,13,88,17,73,35,71,80,85,28,8,12,97,46,81,10,9,83,45,43,31,1,64,18,58,32,7,59,25,89,15,22,66,37,51,16,98,36,84,29,78,30,76,99,38,100,48,54,6,79,5,75,86,68,52,94,40,3,14,56,23,11,92,53,72,90,42,95,74,21,50,47,93,69,19,0,0,0,0,0,0,0,0,0,0,0,0,0,0,0,0,0,0,0,0,0,0,0,0,0,0,0,0,0,0,0,0,0,0,0,0,0,0,0,0,0,0
88,54,5,24,3,23,56,70,96,13,14,52,44,87,49,95,55,60,40,11,72,33,27,53,50,92,91,26,90,42,2,61,39,51,74,21,37,98,29,16,71,12,25,84,89,41,85,73,64,28,97,17,35,8,9,31,81,46,1,83,45,18,80,43,58,7,10,20,59,32,15,22,66,65,62,63,82,77,34,67,4,57,76,93,79,30,48,47,38,78,36,99,69,19,86,68,100,6,94,75,0,0,0,0,0,0,0,0,0,0,0,0,0,0,0,0,0,0,0,0,0,0,0,0,0,0,0,0,0,0,0,0,0,0,0,0,0,0,0,0,0,0
