73,16,67,38,19,36,48,1,33,68,92,11,29,20,5,71,10,2,91,26,65,77,61,57,58,87,41,12,44,63,40,55,93,17,3,50,70,39,22,74,94,97,8,23,21,6,99,27,18,95,89,54,49,72,83,56,62,15,100,52,51,30,25,64,86,35,98,46,47,75,59,42,31,90,45,85,81,53,69,28,14,13,88,84,24,76,79,32,80,78,34,-1,-1,60,7,43,-1,66,-1,-1,-1,9,82,-1,96,37,4,,,,,,,,,,,,,,,,,,,,,,,,,,,,,,,,,,,
54,93,44,72,18,83,46,30,8,89,12,23,27,3,94,95,6,21,41,63,75,99,47,55,39,97,42,59,15,10,100,38,19,73,25,49,65,51,52,20,14,67,74,50,57,17,91,16,92,61,70,71,36,48,77,2,33,29,26,58,11,5,1,68,43,90,22,40,96,87,69,60,78,34,-1,-1,-1,32,-1,-1,-1,-1,-1,-1,-1,-1,-1,-1,56,-1,62,-1,98,81,53,-1,86,64,84,79,31,85,28,80,-1,35,88,-1,7,76,-1,-1,82,13,9,-1,-1,45,-1,66,37,24,4,,,,,,,,,,,,,,,,,,,
45,46,62,51,100,25,14,59,75,98,47,52,89,6,64,23,30,39,86,83,15,56,69,42,21,85,53,79,90,94,72,95,84,28,35,76,81,31,88,60,24,80,87,13,22,82,74,63,40,36,43,1,73,29,38,68,41,33,2,65,10,91,11,26,71,48,61,92,57,67,16,19,77,20,50,5,17,97,12,55,70,44,99,58,27,8,18,3,93,54,49,-1,-1,-1,-1,-1,-1,-1,-1,-1,-1,-1,-1,-1,-1,-1,-1,-1,-1,-1,-1,-1,-1,-1,96,-1,-1,-1,-1,-1,-1,-1,-1,7,-1,32,66,37,9,34,-1,-1,-1,78,-1,-1,4,,,,,
58,8,40,99,41,3,27,97,74,95,44,93,55,70,12,54,50,15,89,87,21,63,22,23,6,94,72,46,16,68,48,19,26,71,57,36,91,11,2,92,33,10,77,65,73,61,5,1,29,38,20,17,67,14,35,18,79,51,69,98,80,60,45,7,88,31,24,82,76,39,43,37,66,13,30,83,49,75,47,42,100,62,59,25,4,-1,86,-1,53,56,81,52,64,85,-1,-1,84,-1,-1,-1,-1,28,-1,-1,90,-1,-1,-1,96,-1,-1,-1,-1,-1,78,34,32,-1,-1,9,,,,,,,,,,,,,,,,,,,,,,
46,89,100,23,6,8,83,75,59,39,21,15,58,42,72,56,94,30,98,54,47,49,18,95,97,93,27,44,51,25,62,52,53,86,64,79,90,14,85,19,69,29,36,68,16,33,57,73,61,10,2,11,92,71,65,91,26,48,74,67,1,77,38,20,17,55,40,50,41,22,5,70,87,3,12,99,63,-1,-1,-1,-1,-1,-1,-1,-1,-1,-1,-1,-1,-1,-1,-1,-1,-1,-1,-1,-1,-1,-1,-1,81,-1,-1,-1,35,-1,-1,84,-1,80,88,28,45,31,24,60,82,96,13,43,7,66,37,78,76,9,34,32,4,,,,,,,,,,,,,
9,82,37,24,32,60,13,66,43,76,96,78,4,45,28,-1,34,-1,-1,-1,31,7,90,80,88,-1,-1,-1,79,-1,-1,-1,-1,-1,-1,69,-1,-1,84,14,53,86,81,35,64,62,85,98,-1,-1,-1,52,-1,-1,-1,-1,-1,-1,-1,-1,-1,-1,-1,-1,-1,-1,-1,-1,54,18,93,39,3,99,55,97,44,5,61,29,63,12,19,50,40,16,73,2,33,10,71,65,68,91,48,77,57,11,67,92,41,20,1,38,36,17,22,74,70,87,26,58,27,95,8,21,94,15,6,23,89,30,25,49,46,42,83,72,100,75,47,59,56,51,,,,,,,,
87,36,21,1,74,29,55,50,5,17,41,16,67,12,19,22,63,27,61,40,91,3,33,11,73,2,77,48,92,65,10,71,57,26,68,89,20,38,8,6,72,42,39,46,23,98,70,75,30,53,97,99,58,18,95,44,86,85,93,15,54,56,79,90,94,100,64,83,69,43,82,80,28,49,59,47,62,45,25,96,52,81,66,14,51,-1,4,-1,-1,-1,-1,-1,35,84,88,-1,-1,31,-1,13,-1,-1,24,7,60,76,9,37,-1,32,78,-1,-1,-1,34,,,,,,,,,,,,,,,,,,,,,,,,,,,
29,74,16,57,26,19,68,67,36,1,73,38,41,11,91,2,71,33,65,61,10,92,48,77,3,55,40,8,20,87,5,44,21,97,17,99,50,63,39,22,12,70,94,89,15,18,58,23,46,83,59,42,95,100,93,54,27,56,98,72,30,62,6,52,75,14,85,28,64,49,47,79,45,25,84,88,86,13,51,53,81,31,24,43,82,35,96,66,78,69,90,80,-1,-1,60,-1,7,-1,9,-1,-1,76,37,-1,4,-1,32,-1,34,,,,,,,,,,,,,,,,,,,,,,,,,,,,,,,,,
71,2,65,33,92,10,61,26,1,91,11,77,48,16,57,18,38,67,73,29,19,22,17,87,63,20,68,5,50,40,41,36,74,95,44,97,12,70,93,94,3,99,55,21,58,23,39,54,27,30,15,89,6,42,100,49,8,46,83,75,59,72,62,25,47,81,86,88,51,85,64,84,52,53,69,79,56,31,14,90,98,45,28,35,13,60,66,80,43,24,37,7,96,76,9,82,78,32,-1,-1,-1,4,34,,,,,,,,,,,,,,,,,,,,,,,,,,,,,,,,,,,,,,,
68,11,61,10,2,33,92,91,65,26,71,73,16,48,36,63,19,20,29,57,67,38,77,74,70,41,5,50,3,12,17,1,54,8,87,22,40,58,55,27,99,18,72,15,83,21,93,39,44,47,95,46,25,94,89,6,97,42,59,23,52,75,98,49,30,51,100,85,53,14,62,86,81,56,80,28,45,64,90,84,79,43,7,88,69,9,35,31,13,60,24,76,82,37,78,96,66,34,32,4,,,,,,,,,,,,,,,,,,,,,,,,,,,,,,,,,,,,,,,,,,
98,52,14,75,62,47,25,80,46,49,51,53,42,86,56,45,72,81,59,100,35,85,64,7,30,28,6,69,39,31,15,83,89,94,23,84,27,90,9,76,79,43,13,24,60,88,40,70,41,17,12,74,5,50,19,63,55,58,10,68,26,20,92,71,11,2,33,48,61,77,36,16,91,65,29,73,57,67,8,38,87,3,54,1,22,93,99,44,21,18,97,-1,-1,95,-1,-1,-1,-1,-1,-1,-1,-1,-1,-1,-1,-1,-1,-1,-1,-1,-1,-1,-1,-1,-1,-1,-1,-1,-1,-1,-1,-1,-1,-1,-1,-1,37,-1,82,66,78,96,-1,4,-1,32,34,,,,,
19,26,1,77,38,65,57,16,73,67,61,63,10,2,71,92,11,68,33,48,87,91,95,40,36,18,12,3,29,20,97,5,17,22,50,70,99,54,41,15,74,100,6,27,55,58,44,94,89,42,93,8,39,59,30,23,21,75,47,86,62,85,72,83,53,46,49,25,88,79,28,90,14,84,81,51,52,69,60,98,56,64,13,24,66,31,45,9,35,80,7,78,4,43,-1,-1,76,-1,37,82,96,-1,-1,-1,-1,32,-1,-1,-1,-1,34,,,,,,,,,,,,,,,,,,,,,,,,,,,,,,,
83,6,75,15,46,30,39,89,52,100,59,47,49,62,14,72,23,42,25,95,8,54,94,51,27,98,99,93,21,18,64,56,58,44,86,85,53,81,45,80,5,16,50,17,87,36,38,67,68,40,11,26,61,10,33,92,2,91,71,48,65,73,77,57,20,29,1,12,70,74,63,41,19,97,22,3,55,-1,-1,-1,-1,-1,-1,-1,-1,-1,-1,-1,-1,-1,-1,-1,-1,-1,-1,-1,-1,-1,-1,-1,-1,-1,-1,-1,-1,-1,-1,-1,35,69,84,79,90,88,31,9,60,7,28,13,24,82,43,76,66,37,96,78,34,32,4,,,,,,,,,,,
62,75,59,25,47,86,52,46,49,42,100,83,81,14,39,30,51,6,53,85,23,88,15,35,56,31,94,89,80,21,45,72,69,54,27,98,84,64,79,90,13,50,28,60,74,41,29,87,22,5,17,77,10,19,67,26,63,61,91,71,2,48,68,1,33,11,92,65,16,57,38,73,36,12,20,58,70,40,97,18,44,95,3,99,93,55,8,-1,-1,-1,-1,-1,-1,-1,-1,-1,-1,-1,-1,-1,-1,-1,-1,-1,-1,-1,-1,-1,-1,-1,-1,-1,-1,-1,-1,-1,-1,-1,24,-1,-1,43,7,37,4,-1,82,66,76,9,96,32,34,-1,78,,,,,,,
50,20,63,5,67,12,16,38,87,41,17,29,40,18,22,11,74,48,68,70,1,71,92,33,77,91,57,2,10,26,19,73,61,65,36,39,93,6,30,23,95,64,59,83,75,55,42,49,47,58,3,97,52,54,44,99,51,21,8,14,15,94,85,98,89,27,35,72,46,31,100,45,13,7,28,60,66,25,62,81,86,24,53,56,76,34,82,96,-1,84,79,88,90,-1,-1,80,-1,43,69,-1,-1,-1,-1,37,-1,-1,-1,9,78,-1,-1,32,-1,-1,-1,-1,4,,,,,,,,,,,,,,,,,,,,,,,,,
79,31,45,35,84,80,90,64,7,88,43,69,28,66,85,60,81,56,82,24,86,98,53,13,14,76,25,52,37,9,4,96,32,59,78,34,49,42,47,100,83,-1,-1,62,51,-1,-1,-1,-1,-1,-1,-1,-1,-1,-1,-1,-1,22,40,-1,99,65,18,44,1,93,58,67,77,73,12,5,38,63,16,20,33,11,10,61,26,92,91,2,71,57,29,68,50,48,74,19,17,87,41,70,55,54,97,21,3,27,36,8,95,39,6,15,94,89,75,23,30,72,46,,,,,,,,,,,,,,,,,,,,,,,,,,,
2,71,10,92,11,48,91,61,26,65,33,57,68,77,1,73,36,38,67,16,29,19,20,5,17,50,22,40,99,70,12,41,87,55,97,74,58,27,63,3,18,95,21,44,93,8,54,89,15,94,23,100,30,46,39,75,6,83,72,42,49,47,59,62,25,86,53,56,52,51,14,98,79,81,85,64,84,90,88,69,31,35,80,45,28,43,7,60,76,37,13,82,66,96,24,78,32,9,34,-1,4,,,,,,,,,,,,,,,,,,,,,,,,,,,,,,,,,,,,,,,,,
77,63,48,73,68,20,1,29,2,71,16,26,11,92,33,91,57,65,10,18,38,61,41,22,67,5,19,36,12,27,21,17,30,50,93,87,39,74,94,97,70,40,95,55,44,3,15,58,99,54,42,72,8,49,47,89,23,25,81,85,75,100,83,6,84,52,46,98,59,88,35,31,62,51,53,14,69,86,24,56,43,60,64,28,9,79,80,37,90,4,45,13,34,7,66,-1,82,76,-1,-1,-1,-1,78,-1,32,-1,-1,-1,-1,-1,-1,-1,-1,-1,-1,-1,-1,-1,-1,-1,-1,-1,-1,-1,-1,-1,-1,-1,96,,,,,,,,,,,,,
34,4,32,-1,78,-1,9,37,24,96,69,82,-1,60,76,43,13,66,-1,-1,7,-1,-1,-1,-1,-1,-1,28,88,-1,-1,90,35,-1,45,-1,-1,79,80,98,64,85,31,14,81,56,86,84,53,62,-1,-1,-1,-1,-1,-1,-1,-1,-1,-1,-1,-1,-1,-1,-1,-1,-1,-1,8,-1,89,94,15,54,95,44,27,19,58,74,12,40,41,87,70,36,5,17,29,68,26,67,92,61,71,48,2,91,11,10,33,1,65,73,77,57,16,50,38,22,3,63,20,55,99,97,93,18,39,59,23,49,72,46,100,21,6,83,75,51,42,47,52,25,30,,,,,,,
1,94,22,17,20,50,87,41,63,40,19,74,44,38,58,93,95,99,97,55,3,57,11,39,65,92,48,77,61,71,91,33,73,2,67,16,5,26,36,29,68,12,30,49,62,70,18,10,6,86,47,21,81,8,51,52,54,27,56,64,53,35,88,89,72,15,23,100,83,90,46,28,42,75,13,76,25,59,96,66,32,78,98,85,34,-1,84,14,-1,-1,-1,79,31,-1,-1,69,-1,-1,80,45,60,7,-1,-1,24,43,-1,-1,37,9,82,-1,4,,,,,,,,,,,,,,,,,,,,,,,,,,,,,
51,80,56,81,85,64,79,45,98,90,53,28,84,69,86,31,35,7,52,25,88,13,43,76,62,14,82,49,78,24,9,47,59,83,46,100,42,96,72,75,66,32,4,34,-1,-1,-1,60,37,-1,-1,-1,-1,-1,40,55,12,3,58,22,44,8,70,5,73,77,20,36,67,16,92,61,11,91,10,33,48,2,68,71,65,26,57,29,50,38,74,19,1,17,41,63,87,54,21,99,27,97,93,89,18,15,6,95,39,94,30,23,,,,,,,,,,,,,,,,,,,,,,,,,,,,,,,,,,
17,50,5,20,12,63,41,18,70,22,87,67,74,55,29,21,40,3,27,97,77,58,93,73,91,68,10,92,2,33,71,65,11,48,61,26,57,19,16,8,36,6,42,1,49,47,98,25,51,59,53,38,85,81,62,95,99,44,54,94,39,15,89,35,69,45,83,80,72,23,79,100,46,30,75,82,24,9,76,37,4,32,86,-1,52,14,56,-1,-1,64,-1,-1,-1,90,84,31,28,88,-1,60,43,-1,7,13,66,-1,-1,-1,-1,78,96,-1,-1,34,,,,,,,,,,,,,,,,,,,,,,,,,,,,
56,47,83,59,52,100,42,49,23,72,75,25,62,51,6,86,14,98,81,53,46,80,85,64,45,39,79,27,89,93,94,54,44,15,30,90,28,84,31,13,7,69,88,12,63,74,41,35,17,50,19,70,57,36,48,38,29,8,73,61,71,2,10,33,68,92,91,26,11,65,20,77,16,67,1,22,5,55,3,40,21,58,87,97,18,99,95,-1,-1,-1,-1,-1,-1,-1,-1,-1,-1,-1,-1,-1,-1,-1,-1,-1,-1,-1,-1,-1,-1,-1,60,-1,24,-1,-1,-1,-1,-1,-1,-1,-1,-1,-1,43,82,66,76,9,32,4,37,78,96,34,,,,,,,,
89,49,6,100,94,72,8,44,83,23,39,42,30,46,99,75,47,54,93,21,18,15,1,97,95,27,58,62,59,86,53,81,56,51,52,25,85,98,92,17,63,73,26,29,36,48,33,2,71,65,91,61,77,11,68,57,19,16,67,5,38,10,20,87,74,12,50,41,22,40,70,3,55,9,24,34,-1,-1,-1,-1,-1,-1,-1,-1,-1,-1,-1,-1,-1,-1,-1,-1,-1,64,-1,14,-1,-1,-1,-1,35,-1,84,-1,80,79,69,31,88,90,28,60,66,45,13,43,7,82,37,96,32,76,78,4,,,,,,,,,,,,,,,,,,
97,67,55,27,40,73,22,36,19,20,5,17,87,50,95,29,70,61,57,12,68,10,65,92,2,71,26,1,33,91,11,48,38,77,16,15,89,23,74,63,41,46,100,42,6,75,25,51,59,18,58,3,62,99,14,8,44,93,94,39,21,54,53,72,85,83,56,90,84,69,60,30,49,37,47,96,98,66,82,78,76,86,52,81,-1,32,64,-1,88,-1,35,-1,-1,45,80,79,-1,28,31,7,24,43,13,-1,-1,9,-1,-1,-1,-1,4,-1,-1,-1,-1,-1,34,,,,,,,,,,,,,,,,,,,,,,,,,
3,23,94,95,93,44,18,39,55,54,27,30,21,49,15,8,97,46,42,6,41,40,70,99,89,58,59,100,75,72,29,20,77,36,38,19,83,67,5,57,91,92,71,61,26,2,65,33,10,11,1,68,48,73,16,87,22,63,17,50,74,12,84,60,35,13,31,37,66,24,7,9,34,32,4,78,-1,-1,-1,47,62,-1,-1,-1,-1,51,25,-1,98,52,-1,81,14,56,-1,86,79,85,53,88,80,64,69,-1,-1,-1,28,90,45,43,76,82,-1,96,,,,,,,,,,,,,,,,,,,,,,,,,,,,
49,25,72,30,39,42,23,62,94,6,89,59,75,8,46,81,21,51,95,15,54,47,100,27,99,83,93,18,64,44,84,35,52,98,31,86,14,88,3,67,1,22,16,38,5,91,20,77,11,92,48,2,71,33,26,97,68,10,65,73,57,61,19,41,29,17,12,87,50,58,55,36,63,70,40,74,-1,-1,-1,-1,-1,-1,-1,-1,-1,-1,-1,-1,-1,-1,-1,-1,-1,-1,-1,56,53,-1,-1,-1,85,-1,-1,-1,-1,-1,-1,45,43,79,80,24,69,60,90,66,13,37,7,76,28,32,82,96,9,4,78,34,,,,,,,,,,,,,,
91,1,33,26,77,57,38,48,71,2,36,61,65,73,10,97,92,5,11,68,17,87,50,16,22,40,20,29,19,58,67,12,63,74,99,18,44,41,21,89,55,27,70,94,95,54,3,6,93,100,8,39,75,30,49,15,72,23,62,31,83,25,14,42,46,59,47,84,35,98,81,64,69,88,51,86,53,52,56,85,45,80,60,13,79,90,28,82,96,76,9,43,7,66,37,-1,24,-1,-1,-1,-1,78,32,4,-1,34,,,,,,,,,,,,,,,,,,,,,,,,,,,,,,,,,,,,
69,35,79,88,80,14,31,53,51,85,7,60,45,98,81,90,84,86,64,56,28,66,52,62,43,82,76,32,25,37,13,24,49,96,47,59,9,75,100,83,42,78,46,-1,-1,34,-1,-1,-1,4,-1,-1,-1,-1,-1,-1,40,55,3,18,-1,87,97,58,99,67,29,38,17,5,77,1,68,50,57,65,19,71,92,11,48,91,2,10,26,33,61,16,73,36,12,20,41,70,22,63,74,44,23,93,27,8,95,54,89,15,39,30,6,94,72,21,,,,,,,,,,,,,,,,,,,,,,,,,,,,,,
76,96,24,60,13,7,28,43,37,32,82,35,66,31,78,69,85,79,45,90,4,64,88,84,9,80,34,51,86,98,14,-1,81,-1,-1,-1,-1,-1,56,53,52,59,62,-1,-1,-1,-1,-1,-1,-1,-1,-1,-1,-1,-1,-1,-1,-1,-1,-1,-1,-1,95,93,58,21,99,44,27,3,50,91,22,17,74,1,41,38,29,19,68,16,77,20,65,73,10,11,2,71,92,48,33,26,57,61,67,36,5,55,12,40,97,87,70,8,18,63,54,30,39,46,49,42,94,15,100,23,89,6,75,72,83,25,47,,,,,,,,,,,,,,,,,
38,77,36,16,61,92,65,11,91,10,1,48,2,71,26,68,33,63,17,19,57,5,73,29,87,22,67,20,74,50,3,94,70,58,40,44,41,12,95,54,93,39,97,8,18,99,55,83,49,21,27,30,72,89,15,100,46,59,23,6,47,42,52,75,56,25,81,62,28,64,45,13,51,79,86,53,14,85,98,31,80,84,90,60,35,88,76,69,7,9,4,96,78,34,43,-1,37,24,66,-1,82,-1,-1,32,,,,,,,,,,,,,,,,,,,,,,,,,,,,,,,,,,,,,,
41,29,74,63,70,5,12,3,67,16,50,36,22,40,73,20,26,17,55,33,97,68,2,65,10,57,71,11,91,19,61,92,48,1,77,38,8,44,15,39,87,47,23,6,98,42,46,59,25,49,99,51,18,95,27,93,58,54,85,21,89,28,94,53,90,56,69,30,79,100,75,83,72,45,60,24,82,62,43,86,9,14,81,52,37,4,-1,64,-1,-1,88,84,80,35,31,-1,-1,-1,13,-1,7,-1,76,66,-1,96,-1,78,-1,-1,32,34,,,,,,,,,,,,,,,,,,,,,,,,,,,,,,
30,95,39,21,15,46,89,94,54,83,6,49,72,25,42,99,44,47,8,75,22,100,3,59,93,51,52,58,18,23,27,62,36,85,81,1,29,86,14,56,20,11,61,91,38,5,16,57,33,73,26,92,65,77,2,71,10,68,48,63,19,67,50,70,41,87,97,74,12,17,40,66,-1,55,-1,4,-1,-1,-1,-1,-1,34,-1,-1,-1,-1,-1,-1,-1,-1,-1,-1,-1,-1,64,53,98,-1,79,-1,-1,-1,-1,45,84,31,80,35,28,88,43,90,13,7,60,24,69,9,96,82,76,37,32,-1,78,,,,,,,,,,,,,,,,,
55,97,70,50,21,27,40,17,99,5,93,12,8,63,18,41,87,22,74,3,58,44,54,15,94,89,38,67,11,48,57,68,92,33,10,71,2,65,91,26,73,61,20,16,77,29,36,19,1,46,51,64,86,56,81,84,98,90,80,79,95,45,30,31,7,28,43,39,82,76,96,24,23,42,6,72,75,83,100,49,47,59,78,32,53,25,62,52,34,85,14,-1,-1,-1,-1,35,-1,-1,88,69,-1,-1,-1,60,-1,13,37,-1,-1,-1,66,9,-1,-1,-1,-1,-1,-1,4,,,,,,,,,,,,,,,,,,,,,,,
26,92,68,71,48,2,10,57,38,36,65,91,33,61,11,77,67,50,1,17,16,73,5,20,40,29,74,19,87,55,99,70,41,12,8,63,22,97,44,72,89,58,54,3,27,15,23,18,75,93,83,95,100,21,25,39,59,49,30,62,6,86,46,14,42,47,94,64,98,53,56,51,90,85,52,81,31,84,80,88,35,7,69,76,43,66,78,79,45,82,60,28,9,24,13,37,-1,4,-1,96,-1,32,-1,-1,34,,,,,,,,,,,,,,,,,,,,,,,,,,,,,,,,,,,,,
35,60,90,7,88,69,64,31,82,56,84,24,98,80,43,28,53,85,79,45,9,76,51,37,86,52,81,66,13,96,78,32,14,4,34,75,25,62,-1,-1,49,-1,-1,-1,-1,-1,-1,-1,-1,-1,-1,-1,-1,-1,-1,-1,-1,-1,-1,-1,-1,97,99,18,19,70,27,55,63,12,41,22,67,57,38,50,71,10,33,2,73,48,65,11,92,61,68,26,77,16,5,91,29,36,20,1,17,74,58,87,93,3,21,40,8,54,15,72,30,44,94,39,23,89,6,42,46,83,47,95,59,100,,,,,,,,,,,,,,,,,,,,
64,84,28,80,90,88,7,76,45,35,85,79,14,56,98,13,31,43,62,52,96,53,37,86,60,81,51,78,9,69,24,82,47,34,66,32,100,83,59,49,75,25,-1,-1,-1,-1,-1,-1,-1,-1,4,-1,-1,97,-1,-1,-1,87,99,-1,-1,58,8,36,55,3,70,19,1,38,74,68,20,73,91,61,65,92,2,48,11,33,10,71,57,26,16,77,67,50,29,41,5,22,17,12,40,21,44,27,54,93,63,46,72,23,94,39,89,15,95,30,18,6,42,,,,,,,,,,,,,,,,,,,,,,,,,,,
7,45,43,13,60,66,35,24,76,82,31,9,78,37,96,4,88,32,90,80,34,84,-1,79,53,-1,86,81,14,85,28,64,-1,69,-1,-1,-1,52,75,51,62,49,98,-1,56,-1,-1,-1,-1,-1,-1,-1,-1,-1,-1,-1,-1,-1,-1,-1,-1,-1,-1,-1,54,-1,18,95,97,99,17,58,74,5,3,67,16,26,1,68,77,36,29,92,11,10,65,61,71,2,33,57,91,48,38,50,73,20,19,63,70,12,87,41,22,40,83,44,8,27,89,15,6,21,93,55,30,72,46,100,39,42,23,59,94,47,25,,,,,,,,,,,,,,,
6,18,30,94,54,23,93,8,15,19,72,39,83,97,89,27,55,70,49,59,99,74,42,21,47,44,3,95,46,75,25,51,100,52,62,14,68,29,17,77,67,71,48,10,2,65,26,92,16,57,73,63,33,91,1,11,61,5,20,12,41,38,36,50,22,40,87,58,60,9,24,96,-1,78,-1,37,4,34,-1,-1,-1,-1,-1,-1,-1,-1,-1,98,-1,-1,85,53,86,-1,56,-1,-1,-1,64,81,88,84,35,69,-1,80,31,-1,90,-1,79,45,43,28,7,82,66,13,76,32,,,,,,,,,,,,,,,,,,,,,,
94,98,25,47,72,59,49,23,89,14,83,6,35,52,75,51,62,53,100,86,64,81,80,85,69,8,45,30,60,56,42,39,15,46,21,7,31,82,90,84,26,24,19,74,41,12,63,28,73,20,55,57,29,70,22,50,91,65,77,16,48,71,2,10,92,33,67,11,5,61,68,93,1,36,97,17,58,87,38,44,3,99,27,18,54,95,40,-1,-1,-1,-1,-1,-1,-1,-1,-1,-1,-1,-1,-1,-1,-1,-1,-1,-1,-1,-1,-1,-1,-1,-1,88,79,-1,-1,-1,-1,-1,-1,-1,66,-1,-1,9,43,13,32,76,-1,96,34,37,4,-1,-1,78,,,,,,
63,17,38,12,73,41,29,70,50,74,22,19,36,87,3,26,58,55,40,99,71,65,44,2,33,48,61,10,68,57,77,16,91,11,1,92,67,5,20,18,6,23,83,97,30,100,75,47,42,25,62,49,59,86,53,27,93,95,89,54,8,98,64,21,15,72,39,14,94,35,90,69,88,60,46,31,13,24,66,52,51,56,82,9,81,96,85,84,4,34,-1,-1,79,80,28,-1,-1,45,43,-1,-1,-1,-1,76,37,78,7,32,,,,,,,,,,,,,,,,,,,,,,,,,,,,,,,,,,
85,56,53,14,64,84,51,98,86,81,52,80,79,88,90,59,45,25,31,35,69,28,62,60,24,49,13,76,83,100,75,46,42,30,72,47,6,43,37,7,9,66,96,78,4,32,82,34,-1,-1,-1,-1,40,58,87,12,3,70,97,17,20,74,5,67,36,63,48,91,68,11,71,33,10,2,26,92,61,77,65,57,1,73,38,16,19,29,50,41,22,95,27,54,99,55,44,18,8,93,89,15,21,94,39,23,,,,,,,,,,,,,,,,,,,,,,,,,,,,,,,,,,,,,,
61,10,92,19,65,68,73,33,11,29,57,1,71,67,2,48,91,26,16,77,63,20,12,41,5,36,70,17,55,22,50,74,3,38,18,54,87,40,27,93,8,21,58,39,99,97,95,44,72,6,94,15,42,47,46,30,89,98,53,25,23,83,49,100,51,75,59,81,85,80,86,52,56,62,90,43,28,14,35,7,82,79,84,64,31,69,88,76,60,45,78,4,32,-1,-1,13,9,-1,24,66,37,96,-1,34,,,,,,,,,,,,,,,,,,,,,,,,,,,,,,,,,,,,,,
15,72,54,89,83,18,95,27,93,8,94,3,100,44,21,50,46,74,6,30,42,55,39,75,51,99,97,47,23,53,56,59,25,67,29,77,86,20,68,5,17,41,38,26,71,10,92,48,2,91,61,33,11,65,57,36,73,1,19,70,16,63,12,22,40,58,13,43,87,66,4,78,60,-1,-1,-1,-1,37,-1,34,49,-1,-1,-1,-1,-1,-1,-1,-1,62,98,14,81,-1,-1,52,-1,-1,85,-1,-1,79,80,35,64,90,45,88,69,84,31,7,28,24,82,76,9,32,-1,-1,-1,-1,96,,,,,,,,,,,,,,,,,,,
48,5,77,68,91,26,20,71,10,11,2,33,92,65,61,16,73,57,38,1,50,12,36,67,19,70,63,41,17,97,58,22,18,87,95,27,74,55,54,40,39,30,15,99,3,44,72,93,21,8,29,83,23,75,94,47,49,89,42,46,100,6,81,51,52,98,14,59,25,62,84,53,64,86,31,35,85,56,7,60,88,66,9,79,90,80,37,45,69,96,28,32,43,13,4,24,34,-1,82,78,76,,,,,,,,,,,,,,,,,,,,,,,,,,,,,,,,,,,,,,,,,
10,48,71,2,33,91,11,65,92,61,26,68,77,57,16,38,1,73,5,67,20,36,19,12,50,17,29,87,41,74,70,63,97,40,22,58,55,18,99,44,27,93,3,95,54,39,8,21,23,15,30,94,89,6,72,83,75,100,46,59,25,49,42,47,14,62,51,52,86,81,53,85,98,64,56,84,35,88,31,79,90,69,45,80,60,28,13,7,24,66,43,37,76,9,96,32,4,82,78,-1,34,,,,,,,,,,,,,,,,,,,,,,,,,,,,,,,,,,,,,,,,,
66,69,9,76,82,24,96,60,32,43,35,13,37,7,4,34,78,-1,-1,88,-1,-1,-1,28,-1,90,98,-1,-1,84,85,79,-1,31,80,-1,62,45,64,-1,-1,53,25,51,86,81,52,-1,14,56,-1,-1,-1,-1,-1,-1,-1,-1,-1,-1,-1,-1,-1,8,3,-1,19,18,55,44,95,21,97,74,93,12,40,57,70,41,67,87,92,73,77,71,48,29,5,26,10,2,65,33,91,11,61,68,1,17,16,50,38,20,63,36,99,22,23,58,54,27,39,94,49,89,59,42,100,72,15,47,46,6,30,83,75,,,,,,,,,,,,,,,
88,66,13,82,37,43,24,28,96,7,78,76,9,4,31,-1,80,60,32,34,79,90,-1,-1,84,-1,56,45,-1,-1,35,-1,-1,-1,-1,64,69,-1,-1,52,-1,14,86,53,85,-1,81,-1,98,-1,-1,-1,-1,-1,-1,-1,-1,-1,-1,-1,-1,-1,-1,3,-1,44,-1,-1,89,95,21,99,27,58,87,16,22,54,63,17,36,61,26,33,29,1,11,92,91,57,48,10,2,71,68,73,77,38,20,67,50,5,74,70,65,19,41,40,55,12,97,18,8,93,15,72,6,100,94,39,30,46,59,23,83,75,42,62,51,47,49,25,,,,,,,,,,
5,22,58,93,89,15,6,54,95,30,40,94,18,27,100,39,99,75,46,8,83,42,97,70,49,47,44,53,62,59,51,98,1,72,56,67,10,77,50,61,16,17,29,11,65,92,68,36,20,74,57,73,19,2,91,48,71,26,12,55,87,41,33,63,21,38,45,3,37,32,-1,76,7,23,78,-1,-1,4,-1,-1,-1,-1,-1,-1,-1,81,-1,25,-1,86,-1,-1,-1,-1,-1,-1,52,14,90,85,79,-1,-1,64,-1,28,84,-1,80,35,-1,69,31,82,88,-1,24,43,-1,60,13,9,-1,-1,96,34,-1,-1,66,,,,,,,,,,,,,
84,86,52,64,25,85,98,35,88,53,28,81,69,47,59,79,90,45,51,31,49,62,14,43,100,56,60,80,24,13,83,7,72,6,42,23,75,9,66,30,96,37,78,82,76,4,32,-1,34,-1,87,-1,12,3,41,74,70,18,55,97,63,36,73,61,65,57,16,29,92,1,26,10,2,11,33,71,91,68,48,77,19,20,67,38,5,22,17,50,39,40,93,27,94,44,95,54,21,99,15,8,58,46,89,,,,,,,,,,,,,,,,,,,,,,,,,,,,,,,,,,,,,,,
28,64,84,45,31,35,69,14,56,79,80,90,88,85,53,98,60,52,24,81,13,43,86,9,59,7,62,82,66,76,96,78,37,100,83,42,30,46,49,47,25,75,51,-1,34,-1,-1,4,-1,-1,32,-1,-1,87,3,40,-1,97,22,99,58,55,44,29,38,91,63,20,73,41,67,50,5,61,92,11,2,33,26,65,10,71,48,68,16,77,57,36,74,19,17,1,18,12,70,21,93,39,8,54,15,95,27,94,6,72,23,89,,,,,,,,,,,,,,,,,,,,,,,,,,,,,,,,,,
47,42,46,62,49,75,59,81,25,86,30,100,51,72,52,53,56,14,84,64,6,93,83,31,85,35,88,94,27,80,54,23,79,21,98,45,7,95,69,66,60,90,17,43,50,19,12,40,87,70,41,20,22,38,63,67,48,92,36,77,5,1,91,11,10,71,68,61,26,2,33,65,57,16,73,29,97,58,74,99,55,18,44,3,8,39,89,15,-1,-1,-1,-1,-1,-1,-1,-1,-1,-1,-1,-1,-1,-1,-1,-1,-1,-1,-1,-1,-1,-1,-1,-1,-1,-1,-1,-1,28,-1,-1,-1,-1,4,-1,24,13,76,-1,-1,-1,37,82,9,78,96,32,34,,,,,,
86,51,88,85,79,56,53,42,81,52,90,62,59,75,84,25,64,69,14,28,98,31,49,100,13,46,35,72,30,83,47,45,43,66,6,80,94,60,23,78,37,96,76,7,82,24,9,32,4,55,40,41,74,63,50,17,38,19,29,87,77,95,57,48,16,73,71,33,2,92,11,26,65,10,68,91,1,20,67,36,22,5,70,44,61,18,12,97,99,3,58,21,54,93,8,89,39,15,27,-1,-1,-1,-1,-1,-1,-1,-1,-1,-1,-1,-1,-1,-1,-1,-1,-1,-1,-1,-1,-1,-1,-1,-1,-1,34,,,,,,,,,,,,,,,,,
75,100,42,46,59,49,47,25,62,51,81,72,6,30,83,14,86,93,39,89,94,18,27,58,15,95,21,23,84,54,44,8,31,64,88,52,56,85,53,79,90,38,12,22,1,73,17,20,57,67,16,65,50,26,61,10,11,71,92,2,33,68,48,91,77,36,5,97,29,70,19,87,99,40,41,63,3,74,55,-1,-1,-1,-1,-1,-1,-1,-1,-1,-1,-1,-1,-1,-1,-1,-1,98,-1,-1,-1,-1,-1,-1,-1,-1,-1,-1,-1,-1,-1,-1,35,80,-1,69,28,7,45,76,82,-1,43,60,13,66,24,96,9,4,37,78,32,34,,,,,,,,,,
23,39,95,44,99,94,3,6,30,27,15,97,54,93,49,89,100,58,72,42,25,70,46,18,55,38,87,21,8,47,1,53,62,5,20,61,73,57,77,11,92,19,91,2,10,71,48,65,26,33,68,67,16,12,29,22,36,17,63,41,50,40,74,24,80,37,82,66,7,96,9,4,32,43,-1,-1,-1,-1,83,-1,-1,-1,75,59,-1,-1,-1,-1,-1,98,51,86,56,14,52,81,85,35,45,64,90,88,79,84,28,69,-1,-1,31,60,13,76,-1,-1,-1,-1,-1,-1,-1,-1,-1,78,34,,,,,,,,,,,,,,,,,,,
25,59,51,42,98,81,100,47,14,75,62,46,86,53,35,6,83,49,23,39,85,52,84,72,64,15,30,31,95,89,69,21,27,80,94,88,79,56,60,45,28,7,90,66,43,50,22,41,12,63,5,16,38,67,73,33,1,11,68,57,92,26,71,2,48,10,65,77,20,91,61,29,70,19,17,87,36,18,40,97,74,55,58,93,99,44,3,8,54,-1,-1,-1,-1,-1,-1,-1,-1,-1,-1,-1,-1,-1,-1,-1,-1,-1,-1,-1,-1,-1,-1,-1,-1,-1,-1,-1,-1,-1,-1,-1,-1,13,24,-1,37,82,-1,96,78,76,9,4,32,-1,34,,,,,,,
39,83,23,49,81,99,30,72,6,47,25,95,15,59,44,46,98,97,87,94,52,27,58,89,8,21,80,54,93,42,26,86,75,62,14,53,51,36,33,16,35,5,1,63,12,11,2,61,48,68,71,19,91,20,10,65,77,73,70,92,22,57,41,38,67,50,3,17,74,29,18,55,40,-1,82,13,96,-1,-1,4,-1,100,-1,-1,-1,-1,-1,-1,-1,-1,-1,56,-1,-1,-1,-1,-1,-1,-1,-1,64,-1,45,28,85,88,90,79,84,31,-1,43,60,9,66,69,37,24,32,7,78,-1,76,34,,,,,,,,,,,,,,,,,,
20,19,73,41,16,67,5,74,12,63,77,71,50,10,68,33,65,11,48,92,2,29,57,61,26,1,91,38,22,36,8,93,55,39,54,17,21,3,70,87,40,94,18,58,72,27,83,97,95,99,46,44,47,98,59,53,15,52,51,89,86,14,23,81,100,6,30,75,42,45,49,25,35,28,88,62,80,7,64,76,13,85,56,37,84,82,90,78,79,31,32,-1,69,-1,-1,60,43,-1,-1,24,-1,66,9,96,-1,-1,-1,4,-1,34,,,,,,,,,,,,,,,,,,,,,,,,,,,,,,,,
74,3,41,70,8,17,36,12,29,55,63,22,73,19,87,58,5,40,54,44,48,2,10,26,68,61,33,91,71,92,65,67,16,57,11,20,77,50,1,38,46,89,56,98,47,52,6,62,97,75,49,18,99,51,80,14,25,64,86,93,27,21,15,94,39,95,72,23,100,83,30,35,24,82,43,42,59,60,53,13,37,9,96,34,78,85,81,-1,-1,88,84,90,-1,69,79,45,31,-1,28,-1,-1,-1,-1,-1,7,66,-1,76,32,-1,-1,-1,-1,4,,,,,,,,,,,,,,,,,,,,,,,,,,,,
44,21,93,54,95,89,94,58,27,97,18,8,99,39,23,87,15,100,83,72,55,30,40,46,75,6,49,42,47,62,59,25,86,56,51,3,38,33,67,65,2,91,10,48,61,57,50,26,77,71,92,36,68,1,11,73,16,20,5,19,29,17,22,12,70,74,41,63,80,60,78,32,82,24,9,-1,34,-1,4,-1,-1,-1,-1,-1,-1,-1,-1,-1,-1,-1,-1,98,53,52,81,-1,14,79,-1,90,84,31,64,85,88,45,35,69,76,28,7,96,37,43,-1,13,-1,-1,66,,,,,,,,,,,,,,,,,,,,,,,
72,15,8,39,30,95,21,93,42,58,23,44,3,99,54,40,49,18,47,27,70,83,89,94,46,25,55,6,97,51,98,100,85,81,75,5,1,16,11,68,19,33,92,73,48,63,71,29,65,2,10,91,26,61,20,77,57,67,41,38,12,50,17,74,87,22,36,24,4,13,34,-1,-1,-1,-1,32,-1,-1,-1,-1,-1,-1,-1,-1,-1,59,-1,-1,-1,-1,-1,62,52,53,86,64,56,84,14,35,-1,80,90,88,79,-1,-1,28,82,45,69,31,7,66,43,37,76,60,9,78,96,,,,,,,,,,,,,,,,,,,,,
22,41,50,74,87,40,70,63,58,44,55,99,17,29,97,19,12,91,3,36,93,8,38,54,18,77,39,65,48,2,68,10,71,61,26,33,16,92,57,73,11,1,67,5,20,59,47,30,62,51,25,86,14,53,52,98,95,81,21,56,94,27,35,80,64,23,89,42,15,6,31,72,83,46,100,75,9,49,37,32,96,4,34,-1,-1,-1,-1,85,-1,-1,69,-1,-1,79,-1,84,88,90,-1,28,45,60,43,-1,76,-1,13,7,66,82,24,78,,,,,,,,,,,,,,,,,,,,,,,,,,,,,,
8,99,27,40,58,55,54,87,22,3,70,5,97,21,17,15,89,12,50,11,74,41,63,83,16,72,36,33,67,1,38,61,68,10,2,91,92,71,26,48,57,65,73,20,29,77,19,14,56,52,86,85,53,84,64,80,18,79,44,95,93,39,90,45,28,7,88,94,43,37,23,46,30,6,76,100,42,96,75,59,66,47,-1,49,25,62,98,51,81,-1,-1,-1,-1,-1,35,-1,-1,-1,-1,31,-1,13,-1,24,69,60,82,-1,-1,-1,9,-1,78,-1,32,-1,-1,-1,34,4,,,,,,,,,,,,,,,,,,,,,,
57,73,19,48,29,38,67,22,16,77,91,20,1,23,92,65,2,71,26,10,61,33,68,50,41,74,11,97,36,95,18,3,5,93,63,12,17,94,87,70,30,55,89,40,42,46,49,99,100,44,21,58,54,27,8,72,83,62,39,47,81,51,56,15,6,64,84,79,75,59,98,88,25,69,14,52,60,43,86,24,85,53,37,82,96,78,32,35,31,90,80,34,28,-1,45,66,13,7,-1,76,9,-1,-1,-1,-1,-1,-1,-1,-1,4,,,,,,,,,,,,,,,,,,,,,,,,,,,,,,,,
70,12,3,55,27,97,44,15,39,18,99,54,19,74,20,94,8,23,58,41,40,21,72,68,71,30,95,26,6,16,89,57,67,29,92,73,36,10,48,2,65,77,5,33,11,1,61,38,63,22,50,87,98,17,28,64,35,14,60,84,45,80,93,88,24,69,76,31,9,82,13,75,43,100,49,7,32,46,78,25,83,42,62,51,91,47,59,86,52,53,56,85,-1,-1,-1,-1,81,-1,-1,-1,-1,-1,-1,90,-1,-1,-1,-1,-1,-1,37,66,96,79,-1,-1,-1,4,-1,-1,34,,,,,,,,,,,,,,,,,,,,,
12,57,17,3,63,70,74,19,41,87,20,58,95,5,50,67,93,44,22,38,92,97,23,48,11,16,54,71,26,77,33,2,10,91,65,68,61,1,73,36,29,8,49,72,40,25,62,46,55,81,18,47,51,52,98,86,85,99,35,27,56,88,21,79,60,94,28,15,39,30,6,89,100,83,42,59,37,76,32,75,78,82,4,53,-1,-1,14,34,64,-1,-1,31,84,-1,90,-1,80,69,7,-1,13,45,-1,-1,43,24,66,96,9,,,,,,,,,,,,,,,,,,,,,,,,,,,,,,,,,
27,40,99,58,22,87,97,21,18,15,3,55,70,54,8,74,17,89,63,93,72,95,59,6,44,26,16,83,65,61,2,77,33,68,71,10,11,73,29,91,48,36,57,67,92,20,1,5,19,12,38,50,41,28,56,85,14,80,84,90,98,24,43,39,45,82,79,60,23,94,76,7,9,96,37,30,46,78,42,100,75,25,49,47,62,86,52,53,51,81,64,-1,-1,88,-1,-1,35,-1,-1,-1,-1,69,31,-1,13,-1,-1,-1,-1,66,-1,-1,-1,-1,4,32,-1,-1,-1,-1,-1,34,,,,,,,,,,,,,,,,,,,,
96,76,78,9,69,37,32,13,28,34,66,7,60,24,82,-1,-1,4,-1,79,90,-1,-1,-1,31,88,84,35,98,81,43,80,-1,-1,-1,56,45,-1,51,85,-1,-1,-1,86,52,53,14,64,-1,-1,-1,-1,-1,-1,-1,-1,-1,-1,-1,-1,-1,-1,-1,-1,93,8,21,54,3,55,44,40,12,39,58,19,50,17,99,63,41,57,5,48,20,68,67,91,92,77,11,33,71,65,2,10,16,73,61,26,1,38,29,22,74,87,70,36,18,97,49,95,46,27,23,94,83,30,72,47,25,59,15,89,42,6,100,75,62,,,,,,,,,,,,,
4,78,34,96,7,32,66,-1,9,37,-1,-1,76,82,13,-1,24,-1,43,-1,-1,60,-1,69,-1,-1,31,64,35,28,79,84,45,90,-1,-1,-1,80,-1,81,98,88,85,52,-1,86,53,-1,-1,14,56,-1,-1,-1,-1,-1,-1,-1,-1,-1,-1,-1,-1,-1,-1,-1,-1,21,95,8,54,18,58,93,44,89,39,70,22,12,40,50,36,17,74,92,1,57,11,38,77,61,10,68,26,91,48,33,2,71,65,16,20,29,73,5,87,67,19,63,41,99,3,83,97,27,55,6,75,94,46,15,49,100,72,30,23,47,42,62,51,-1,59,-1,25,,,,,,,
93,54,89,83,75,6,15,100,72,94,58,21,39,95,30,44,3,8,18,62,27,46,99,49,23,59,47,14,56,52,86,42,51,25,53,29,64,17,38,50,77,20,11,36,68,26,67,71,91,48,33,10,2,92,5,61,65,57,16,1,73,70,40,55,12,41,74,22,19,97,87,63,37,4,34,-1,78,-1,-1,-1,-1,-1,-1,-1,-1,-1,-1,-1,-1,-1,-1,-1,-1,98,-1,-1,-1,-1,81,-1,-1,35,85,31,45,84,79,80,-1,7,90,13,88,76,69,28,43,66,60,24,82,96,9,32,,,,,,,,,,,,,,,,,,
18,87,20,22,50,58,17,77,40,12,97,70,5,91,63,61,29,41,36,65,95,1,74,44,57,10,92,16,38,67,73,99,2,19,48,11,33,68,6,21,100,26,75,71,39,49,59,55,35,3,81,62,93,25,54,51,53,94,27,8,84,64,69,85,83,30,15,89,31,46,42,23,47,66,72,45,76,98,28,9,7,52,32,86,14,56,-1,-1,-1,79,-1,-1,-1,-1,-1,88,90,80,-1,43,-1,-1,60,-1,-1,82,96,13,24,37,-1,4,34,-1,-1,78,,,,,,,,,,,,,,,,,,,,,,,,,,
59,81,47,31,23,62,86,51,85,25,14,84,53,83,60,52,42,35,88,49,100,75,6,45,80,69,64,7,94,79,46,30,39,13,89,72,98,66,28,43,56,76,9,90,32,37,96,24,74,41,82,40,87,22,12,20,50,77,61,91,70,19,65,16,57,1,38,5,71,10,2,92,48,33,11,26,68,63,73,67,17,29,18,36,44,58,97,93,55,99,54,95,3,21,27,8,15,-1,-1,-1,-1,-1,-1,-1,-1,-1,-1,-1,-1,-1,-1,-1,-1,-1,-1,-1,-1,-1,-1,-1,-1,-1,-1,-1,-1,-1,-1,-1,-1,-1,-1,-1,-1,-1,4,-1,-1,-1,78,-1,34,
16,38,87,36,17,1,50,5,20,57,67,65,61,58,40,10,22,77,44,91,33,48,26,71,92,11,2,68,73,99,63,29,95,18,55,8,54,93,19,12,97,74,41,75,70,30,21,100,3,27,6,59,46,62,86,25,94,39,15,81,64,89,31,56,23,84,42,45,13,72,83,49,80,47,98,66,7,79,52,51,53,76,14,96,85,37,9,90,28,32,-1,35,88,-1,-1,-1,69,-1,60,-1,-1,24,-1,78,82,4,43,34,,,,,,,,,,,,,,,,,,,,,,,,,,,,,,,,,,
31,88,80,53,14,79,84,56,64,62,86,45,85,13,51,35,52,90,69,98,81,25,66,47,28,75,7,43,76,60,32,37,6,49,100,30,46,59,83,96,23,72,24,9,78,-1,4,42,82,34,-1,-1,97,-1,55,41,-1,74,87,36,40,44,29,17,61,20,77,1,38,26,65,57,50,48,71,2,10,91,16,33,92,11,68,5,73,19,22,67,63,12,95,58,70,18,99,93,54,3,21,39,8,89,94,27,15,,,,,,,,,,,,,,,,,,,,,,,,,,,,,,,,,,,,,
37,9,76,78,66,96,82,32,34,28,13,4,-1,43,7,24,-1,-1,60,-1,45,79,-1,-1,-1,-1,69,90,31,88,80,-1,-1,-1,84,-1,-1,35,-1,-1,81,-1,64,85,-1,14,-1,53,86,-1,52,56,-1,-1,-1,-1,-1,-1,-1,-1,-1,-1,-1,-1,-1,-1,-1,-1,93,54,27,8,18,95,21,15,99,22,50,3,20,1,16,12,36,67,19,73,61,91,65,26,11,10,33,2,92,71,68,48,57,29,77,63,5,41,74,38,17,70,55,87,40,97,58,44,39,98,25,42,83,89,6,72,23,46,30,94,47,49,59,100,51,75,62,,,,,,,
90,13,31,79,35,28,60,88,69,45,24,43,7,76,9,80,66,84,37,82,78,96,4,98,52,53,85,86,81,64,34,14,-1,32,-1,51,59,49,62,-1,-1,56,47,25,-1,-1,-1,-1,-1,-1,-1,-1,-1,-1,-1,-1,-1,-1,-1,40,3,-1,55,54,18,97,95,99,44,50,29,67,17,38,5,48,77,1,57,92,91,10,71,61,2,11,26,33,68,65,73,36,19,63,16,20,12,87,41,70,74,22,58,93,27,21,8,94,83,39,30,6,15,100,89,23,72,46,42,75,,,,,,,,,,,,,,,,,,,,,,
42,55,12,18,97,93,58,40,44,99,95,87,63,22,41,70,27,94,21,74,39,23,30,3,1,54,8,73,57,38,92,11,20,16,5,65,48,91,61,71,10,2,68,19,33,67,77,17,50,29,36,25,84,88,31,81,52,35,64,26,90,79,80,69,66,89,7,13,45,15,72,43,6,76,32,9,83,100,49,46,59,75,47,4,56,98,51,62,86,14,53,-1,85,-1,-1,28,-1,-1,-1,-1,-1,-1,-1,82,-1,-1,60,24,-1,96,-1,-1,-1,37,-1,-1,78,-1,-1,34,,,,,,,,,,,,,,,,,,,,,,
24,28,7,43,76,82,45,90,35,60,9,31,80,84,79,64,69,37,13,96,66,32,78,56,4,34,-1,85,52,14,81,88,-1,-1,-1,-1,-1,47,98,59,86,62,53,-1,25,-1,-1,-1,-1,-1,-1,-1,-1,-1,-1,-1,-1,-1,-1,-1,-1,3,-1,95,97,99,44,93,58,36,22,17,41,1,63,70,38,73,91,20,33,65,11,26,48,2,77,71,10,92,61,68,57,16,19,67,5,29,12,50,87,74,55,18,40,27,54,8,39,72,15,94,21,23,30,6,89,49,83,46,100,51,42,75,,,,,,,,,,,,,,,,,,
82,79,66,28,24,13,37,9,60,69,76,88,43,96,32,78,4,34,7,-1,80,-1,31,90,-1,84,-1,56,-1,-1,-1,85,-1,45,-1,35,-1,-1,25,64,-1,81,14,59,53,-1,51,86,52,-1,98,-1,-1,-1,-1,-1,-1,-1,-1,-1,-1,-1,-1,-1,-1,-1,93,27,18,21,3,95,54,87,99,94,12,41,19,73,29,63,20,57,17,5,91,48,65,1,2,71,77,92,10,26,11,61,33,68,38,67,16,36,50,22,97,70,40,74,58,55,44,39,72,100,23,89,30,15,6,83,47,42,49,62,46,8,-1,-1,-1,75,,,,,,,,,,
67,68,57,29,36,16,19,73,17,38,74,50,20,33,77,5,48,92,2,71,26,11,91,10,61,65,1,55,54,8,95,40,99,3,12,93,15,89,18,41,22,87,63,70,46,83,94,72,58,97,39,27,21,44,75,62,56,86,52,53,85,23,100,30,81,79,90,6,49,42,88,47,59,80,25,98,43,51,13,14,28,37,76,78,32,64,24,4,84,35,-1,69,45,31,-1,7,-1,60,-1,-1,66,82,96,-1,9,-1,34,,,,,,,,,,,,,,,,,,,,,,,,,,,,,,,,,,,
65,33,91,11,57,77,2,10,61,92,48,27,26,68,67,1,20,29,71,5,12,50,16,36,38,19,73,70,63,17,55,18,22,41,74,40,97,87,58,99,21,15,93,54,89,95,30,3,8,72,44,98,83,23,42,94,100,6,25,51,14,53,39,46,59,49,75,47,81,86,85,62,84,52,7,56,64,35,79,80,60,90,43,69,88,45,31,24,82,28,66,9,13,4,34,76,-1,37,96,32,78,,,,,,,,,,,,,,,,,,,,,,,,,,,,,,,,,,,,,,,,,
95,27,18,97,55,21,63,99,3,93,56,40,94,41,70,12,54,87,15,50,44,89,8,30,42,73,23,39,72,29,36,26,65,20,91,48,71,2,10,1,61,57,33,77,19,22,11,68,38,16,67,5,17,74,92,58,81,84,79,88,35,90,24,43,31,60,80,69,6,7,37,82,75,59,96,46,100,47,9,83,25,49,51,62,98,52,53,-1,14,-1,86,64,-1,-1,85,-1,-1,-1,-1,-1,28,-1,-1,-1,-1,-1,76,66,13,-1,-1,-1,32,78,45,4,-1,34,,,,,,,,,,,,,,,,,,,,,,,,
92,61,11,65,10,71,33,68,57,73,29,2,91,26,48,55,77,1,19,20,36,16,67,38,74,63,17,22,5,3,87,50,12,70,41,21,18,8,40,58,54,44,99,93,97,94,27,95,39,89,72,23,15,83,6,42,47,30,49,100,46,81,75,59,98,85,52,53,62,25,51,56,86,14,64,80,79,28,45,35,84,88,31,90,7,24,69,13,9,43,82,66,60,78,76,4,-1,96,-1,37,32,34,,,,,,,,,,,,,,,,,,,,,,,,,,,,,,,,,,,,,,,,
80,7,35,90,45,31,43,84,79,66,60,14,64,28,69,85,9,88,56,37,53,86,98,81,82,13,24,96,32,4,93,76,46,75,49,62,47,30,42,25,59,52,34,100,-1,51,-1,78,-1,-1,-1,-1,-1,-1,-1,-1,-1,-1,-1,3,97,18,54,99,27,5,17,16,36,63,1,38,26,68,67,57,11,48,71,10,2,77,61,65,33,91,92,20,12,73,19,50,22,41,29,87,70,58,39,74,55,21,40,72,94,95,44,6,15,83,23,8,89,,,,,,,,,,,,,,,,,,,,,,,,,,,,,
33,91,26,61,1,11,71,2,77,48,10,92,38,36,65,57,68,16,20,22,73,17,87,19,29,67,18,63,40,5,74,97,50,99,70,41,95,21,12,55,58,3,44,30,94,89,100,8,54,39,75,93,27,15,23,59,42,47,6,83,72,46,51,84,49,88,62,86,56,52,25,14,53,31,35,69,90,81,85,45,64,98,79,66,80,13,43,28,37,7,96,60,24,32,82,34,-1,-1,76,9,-1,-1,4,-1,78,,,,,,,,,,,,,,,,,,,,,,,,,,,,,,,,,,,,,
78,37,96,34,4,-1,-1,-1,66,13,32,-1,82,9,24,76,-1,-1,-1,60,-1,-1,7,-1,-1,43,-1,88,-1,-1,90,28,-1,79,-1,-1,-1,69,-1,35,84,45,80,56,31,-1,64,85,81,-1,-1,53,-1,-1,-1,-1,-1,-1,-1,-1,-1,-1,-1,-1,-1,-1,-1,-1,-1,-1,8,54,44,89,27,95,93,99,46,70,97,22,74,40,41,17,36,38,57,67,68,16,26,11,61,92,71,2,91,33,10,65,48,1,19,73,20,29,77,50,87,5,55,58,3,12,63,75,21,18,94,23,30,15,59,100,72,42,83,6,62,49,86,47,51,52,25,14,39,98,,
81,62,86,52,53,51,56,85,47,84,49,98,25,100,88,83,75,72,99,46,59,39,79,14,90,64,89,15,45,30,23,6,80,42,69,94,35,28,43,31,76,13,7,37,24,60,66,74,70,1,22,12,63,57,17,16,5,38,33,11,68,92,61,77,26,19,2,10,91,71,48,20,73,29,65,36,67,50,41,87,58,54,40,95,3,97,44,18,27,93,55,8,21,-1,-1,-1,-1,-1,-1,-1,-1,-1,-1,-1,-1,-1,-1,-1,-1,-1,-1,-1,-1,-1,-1,-1,-1,-1,-1,-1,-1,-1,-1,82,-1,-1,-1,-1,-1,-1,-1,-1,9,32,96,4,-1,78,34,,,
100,30,49,6,42,54,75,83,21,59,46,18,23,89,93,62,39,95,94,47,51,72,81,8,25,86,14,99,58,15,52,27,64,84,85,31,88,53,35,69,50,63,22,41,17,38,87,91,36,77,65,48,20,68,71,1,67,2,11,10,61,33,26,92,5,16,57,73,40,19,97,12,29,44,70,55,74,3,34,-1,-1,-1,-1,-1,-1,-1,-1,-1,-1,-1,-1,-1,-1,-1,98,-1,-1,56,-1,-1,-1,-1,-1,-1,-1,-1,-1,60,79,24,-1,-1,80,90,76,45,96,28,43,37,9,7,66,13,32,78,4,82,,,,,,,,,,,,,,
36,70,29,67,5,74,77,20,68,50,38,41,12,17,55,3,61,10,92,2,11,26,71,91,48,33,65,57,1,73,16,58,8,27,19,95,63,22,89,46,15,83,40,87,100,72,97,56,94,98,54,75,44,93,99,21,39,53,14,30,18,52,86,23,79,42,6,49,90,47,80,59,76,35,62,25,51,82,81,43,24,96,85,7,64,84,34,88,32,-1,31,45,-1,28,69,-1,60,13,-1,-1,-1,37,66,9,-1,-1,78,-1,4,,,,,,,,,,,,,,,,,,,,,,,,,,,,,,,,,
21,53,98,56,86,52,81,79,90,46,42,85,47,64,25,49,59,80,75,51,62,14,28,93,72,45,83,84,100,35,30,69,94,88,39,6,43,15,7,24,82,31,37,76,13,40,60,12,9,96,66,55,70,5,74,19,92,50,57,20,67,11,16,73,8,68,10,71,65,33,91,48,61,77,2,41,26,29,36,1,38,17,22,63,87,3,54,27,18,58,99,44,95,89,23,97,-1,-1,-1,-1,-1,-1,-1,-1,-1,-1,-1,-1,-1,-1,-1,-1,-1,-1,-1,-1,-1,-1,-1,-1,-1,-1,-1,-1,-1,-1,-1,-1,-1,-1,-1,-1,-1,-1,-1,-1,78,4,32,34,,
99,44,15,8,3,39,72,95,97,21,54,89,93,94,27,47,18,83,70,58,30,6,55,63,12,23,100,25,42,46,49,75,98,53,73,57,19,61,65,33,71,48,2,92,91,68,10,11,67,26,77,29,1,16,36,5,20,41,38,74,17,22,87,40,50,80,9,7,24,28,32,34,4,-1,66,-1,-1,-1,-1,82,-1,-1,-1,-1,59,-1,-1,56,62,51,52,-1,-1,86,14,85,64,81,35,84,69,90,88,79,31,-1,-1,43,60,13,45,-1,76,-1,37,96,-1,-1,78,,,,,,,,,,,,,,,,,,,,,,,
53,14,85,86,56,98,80,52,84,64,79,51,90,81,62,42,25,59,35,7,43,69,45,82,83,100,15,75,49,6,39,89,23,47,28,46,24,72,76,88,31,9,60,32,66,87,37,22,96,13,78,4,55,40,58,70,74,12,1,33,91,29,67,65,2,61,26,57,10,68,73,11,71,92,48,77,20,36,5,16,50,19,17,27,38,41,63,99,97,8,21,18,93,3,54,44,95,30,94,-1,-1,-1,-1,-1,-1,-1,-1,-1,-1,-1,-1,-1,-1,-1,-1,-1,-1,-1,-1,-1,-1,-1,-1,-1,-1,-1,-1,-1,-1,-1,-1,-1,-1,-1,-1,-1,-1,-1,-1,-1,-1,34
60,24,69,37,96,90,76,82,31,9,88,66,13,78,34,32,43,64,4,84,56,51,35,53,98,79,28,-1,85,45,7,-1,-1,14,-1,81,80,-1,86,62,-1,-1,52,-1,-1,-1,-1,-1,-1,-1,-1,-1,-1,-1,-1,-1,-1,-1,-1,-1,-1,-1,-1,-1,-1,18,54,70,21,27,58,97,93,22,19,38,87,12,17,50,71,68,73,41,10,48,2,65,26,33,1,11,61,57,92,29,91,77,36,16,67,63,5,74,20,3,40,55,99,95,8,44,72,46,100,30,15,94,23,89,42,6,75,83,25,49,47,59,39,,,,,,,,,,,,,
-1,-1,4,32,34,78,-1,-1,-1,-1,-1,37,96,-1,66,9,76,13,-1,43,82,24,60,-1,7,-1,-1,-1,28,-1,88,31,90,-1,-1,-1,-1,-1,-1,-1,45,84,35,64,69,85,79,81,80,-1,14,-1,-1,-1,-1,-1,-1,-1,-1,-1,-1,-1,-1,-1,-1,-1,-1,-1,-1,-1,94,27,21,15,18,39,30,44,95,58,99,97,12,22,63,87,20,5,38,70,16,73,1,77,65,33,26,10,71,11,2,91,61,48,92,68,57,19,67,17,50,41,36,40,74,93,54,55,3,29,8,62,89,47,75,23,49,6,72,83,100,42,46,59,86,25,51,52,53,56,98,
52,85,81,98,51,45,62,86,53,80,64,56,46,35,47,100,28,31,30,14,84,59,75,25,79,42,90,13,69,39,6,49,83,23,15,43,72,7,24,9,88,60,66,96,37,76,78,82,32,87,74,22,3,41,70,29,17,36,50,44,55,16,63,19,91,65,11,2,33,48,10,71,92,26,77,68,73,61,20,5,57,38,1,67,12,54,93,40,58,21,18,94,8,99,97,95,89,27,-1,-1,-1,-1,-1,-1,-1,-1,-1,-1,-1,-1,-1,-1,-1,-1,-1,-1,-1,-1,-1,-1,-1,-1,-1,-1,-1,-1,-1,-1,-1,-1,-1,-1,-1,-1,-1,-1,-1,34,4,,,
40,58,97,87,44,22,99,55,100,70,8,75,52,15,74,17,41,36,12,23,89,94,21,1,54,3,46,61,77,11,20,91,29,92,33,2,26,48,71,10,38,68,65,57,67,16,73,50,5,19,63,14,56,64,18,69,31,88,95,13,79,93,27,28,76,39,60,35,30,84,66,6,96,72,83,49,47,42,59,62,34,51,25,98,86,53,-1,81,85,-1,-1,-1,-1,-1,-1,90,45,-1,-1,80,-1,-1,-1,43,-1,7,24,82,-1,-1,-1,37,9,32,-1,-1,-1,78,-1,-1,4,,,,,,,,,,,,,,,,,,,,,
11,65,2,91,71,61,26,92,48,33,68,10,57,1,38,36,16,19,77,73,5,67,29,17,20,12,50,74,70,41,22,87,40,63,58,55,3,99,97,95,44,54,27,18,8,93,89,15,83,23,100,6,94,39,21,46,30,72,75,49,42,59,47,86,62,53,25,51,14,56,52,81,85,98,79,90,88,80,84,64,69,28,35,31,45,7,60,43,66,13,76,24,37,82,32,9,96,78,4,34,,,,,,,,,,,,,,,,,,,,,,,,,,,,,,,,,,,,,,,,,,
14,90,64,84,43,53,85,69,80,31,98,86,56,79,45,88,7,62,28,13,24,35,25,52,81,60,75,37,96,49,76,15,66,89,59,83,23,100,46,42,47,51,82,4,9,78,34,-1,-1,32,-1,-1,-1,55,97,3,87,40,18,29,36,99,58,27,63,26,73,68,48,20,57,2,33,71,61,10,92,65,11,91,16,67,50,77,1,21,38,74,19,41,70,5,12,17,93,22,72,8,54,95,94,44,30,39,-1,6,,,,,,,,,,,,,,,,,,,,,,,,,,,,,,,,,,,,
13,43,60,69,28,9,88,7,78,24,45,64,31,90,80,84,79,76,85,66,14,82,56,96,35,62,37,98,53,34,-1,4,-1,-1,32,-1,52,25,81,86,51,-1,-1,47,59,-1,-1,-1,-1,-1,-1,-1,-1,-1,-1,-1,-1,-1,-1,-1,-1,-1,3,97,44,54,55,8,99,93,39,74,95,41,36,40,29,16,77,26,61,2,33,91,68,65,71,10,48,11,57,92,73,19,67,38,63,17,50,5,20,87,22,12,1,70,46,18,58,23,6,89,94,15,21,83,42,27,49,30,72,75,100,,,,,,,,,,,,,,,,,,,
43,32,82,66,9,76,78,96,13,4,37,34,24,-1,-1,7,-1,28,80,69,60,45,-1,88,-1,-1,-1,-1,-1,90,31,-1,-1,35,79,-1,-1,-1,-1,-1,85,98,84,81,14,64,56,52,-1,-1,-1,-1,-1,-1,-1,-1,-1,-1,-1,-1,-1,-1,-1,-1,95,-1,8,-1,-1,89,99,44,39,18,54,93,94,23,87,22,5,41,63,19,67,20,33,1,16,61,91,77,48,2,11,71,10,26,92,65,68,57,73,17,38,12,29,97,50,36,70,40,74,3,55,58,27,21,15,83,49,25,62,30,6,72,59,100,46,42,75,51,47,86,53,,,,,,,
