73,67,68,38,16,36,48,1,33,29,92,11,65,19,20,71,10,2,91,57,77,26,74,61,22,58,87,12,40,44,55,3,5,93,17,63,50,41,70,8,97,23,94,49,21,27,99,18,83,46,6,95,72,54,62,89,59,39,100,56,15,51,25,30,64,35,98,42,75,47,79,90,80,45,86,52,53,85,14,81,28,13,76,84,24,88,31,69,32,82,34,-1,-1,60,7,-1,43,-1,66,9,-1,-1,37,96,78,4,,,,,,,,,,,,,,,,,,,,,,,,,,,,,,,,,,,,,
54,44,93,72,18,83,94,46,30,8,89,23,27,3,6,75,95,21,47,63,100,59,55,99,39,25,12,51,42,14,97,38,73,15,19,49,52,65,57,20,17,74,50,41,29,70,91,10,61,92,48,71,36,16,77,2,33,26,1,67,11,58,68,22,5,24,40,31,80,9,87,78,34,-1,60,-1,-1,-1,-1,-1,-1,-1,-1,-1,-1,-1,-1,-1,56,-1,98,62,81,-1,53,84,86,79,64,-1,85,69,-1,90,-1,28,88,35,-1,7,-1,-1,76,-1,-1,82,32,45,-1,43,13,96,66,37,4,,,,,,,,,,,,,,,,,,
51,46,62,100,14,47,25,75,98,64,59,89,23,6,30,42,83,86,52,39,49,56,69,85,15,53,21,79,90,94,72,84,28,35,95,88,45,60,81,31,24,80,13,87,82,74,22,70,40,1,29,73,38,36,41,68,16,33,2,65,10,91,11,26,71,48,61,92,57,67,77,19,17,50,20,5,97,12,44,55,63,99,58,8,18,93,54,3,-1,27,-1,-1,-1,-1,-1,-1,-1,-1,-1,-1,-1,-1,-1,-1,-1,-1,-1,-1,-1,-1,-1,-1,-1,-1,-1,-1,-1,-1,-1,-1,-1,-1,-1,9,43,7,96,37,66,-1,76,-1,32,34,78,-1,-1,-1,-1,4,,,
3,99,55,40,74,58,27,8,97,44,70,41,63,12,95,93,50,17,15,54,22,89,87,21,23,94,6,68,72,36,1,48,67,71,26,65,91,11,2,92,33,10,61,57,19,73,77,5,16,29,38,20,14,35,79,90,85,18,98,80,69,60,88,28,84,76,24,45,31,7,39,43,82,37,30,46,83,75,100,49,62,47,25,42,86,59,51,53,52,56,81,-1,-1,64,-1,-1,-1,-1,-1,-1,13,-1,-1,-1,-1,66,-1,-1,-1,-1,96,-1,9,-1,34,32,78,4,,,,,,,,,,,,,,,,,,,,,,,,,
46,89,8,23,100,6,83,39,75,21,58,59,42,72,56,94,47,99,30,15,54,49,44,93,97,95,27,98,86,51,18,62,52,64,25,53,79,90,14,19,85,29,74,22,1,33,68,57,91,10,2,11,61,92,65,71,26,48,67,73,36,77,16,40,38,20,17,55,50,41,5,70,87,3,12,63,-1,-1,-1,34,-1,-1,-1,-1,-1,-1,-1,-1,-1,-1,-1,-1,-1,-1,-1,-1,-1,-1,-1,81,-1,-1,-1,-1,69,35,-1,84,88,80,60,82,45,24,28,31,-1,43,13,96,7,76,37,66,78,9,32,4,,,,,,,,,,,,,,,
9,82,37,24,13,60,32,96,66,43,76,78,4,-1,28,-1,45,-1,34,-1,-1,88,90,7,31,-1,-1,-1,79,80,69,-1,-1,-1,-1,-1,-1,-1,84,53,-1,86,14,35,81,98,85,64,56,62,-1,-1,-1,-1,-1,-1,-1,-1,-1,-1,-1,-1,-1,-1,-1,-1,-1,-1,27,44,54,93,18,39,55,21,50,87,5,17,26,12,67,16,63,29,73,2,33,10,61,71,65,48,91,77,68,11,92,57,19,1,20,36,38,22,70,41,74,40,3,58,97,99,95,8,94,15,6,23,89,83,30,42,46,100,75,72,49,47,51,59,25,52,,,,,,,,,
55,36,74,22,50,5,29,12,17,41,67,70,20,21,40,27,3,63,87,91,61,68,33,11,73,57,2,48,92,65,10,71,26,1,77,19,16,38,8,39,72,89,6,47,23,46,49,100,98,25,53,99,97,58,95,18,44,15,86,14,93,54,85,94,83,79,35,30,90,69,43,82,75,42,59,45,62,96,24,28,52,56,51,81,-1,66,-1,-1,64,-1,-1,80,84,88,-1,-1,-1,-1,-1,13,-1,31,76,7,60,37,9,-1,32,-1,4,-1,78,34,,,,,,,,,,,,,,,,,,,,,,,,,,,,,
29,16,73,57,26,19,68,67,36,1,74,38,41,11,91,2,33,61,65,92,71,10,48,77,3,40,55,8,20,87,44,99,63,5,21,95,94,50,17,22,70,12,97,89,39,15,58,6,42,18,46,47,27,75,23,54,98,93,56,62,72,100,30,83,85,52,14,64,79,49,28,69,59,25,88,51,86,53,13,35,43,24,81,82,84,96,80,78,31,32,90,45,66,-1,60,-1,-1,-1,7,76,9,37,-1,-1,-1,-1,4,34,,,,,,,,,,,,,,,,,,,,,,,,,,,,,,,,,,,
71,2,92,65,33,10,61,26,1,91,11,77,48,16,57,68,38,73,29,67,19,22,17,87,63,20,18,5,50,40,36,74,41,95,44,97,12,70,93,94,3,99,55,21,58,23,39,54,27,30,15,89,6,42,100,49,8,46,83,75,59,72,62,25,47,51,86,81,85,88,64,84,52,53,69,79,56,90,31,14,98,45,28,13,35,60,66,80,43,24,37,7,96,76,9,82,78,32,-1,-1,-1,4,34,,,,,,,,,,,,,,,,,,,,,,,,,,,,,,,,,,,,,,,,
68,11,61,10,2,33,92,91,65,26,71,73,16,48,36,63,19,20,57,29,67,38,77,74,70,41,5,50,3,12,17,1,54,8,87,22,40,58,55,27,99,18,72,15,83,21,93,39,44,97,95,46,47,94,89,6,42,30,59,23,52,75,98,49,51,25,100,85,53,14,62,86,81,56,80,28,45,64,79,84,90,43,7,88,69,9,35,31,13,60,24,76,37,82,78,96,66,34,32,4,,,,,,,,,,,,,,,,,,,,,,,,,,,,,,,,,,,,,,,,,,,
98,52,14,25,80,75,51,42,47,46,49,53,86,45,100,62,56,81,64,59,85,35,30,23,7,72,28,39,69,6,15,93,83,94,89,31,90,84,9,43,79,13,76,24,60,5,70,74,50,41,12,19,63,17,58,38,68,55,10,36,20,92,26,16,11,2,33,48,61,71,65,73,91,77,67,57,8,29,40,54,87,1,22,21,97,99,44,27,18,3,95,-1,-1,-1,-1,-1,-1,-1,-1,-1,-1,-1,-1,-1,-1,-1,-1,-1,-1,-1,-1,-1,88,-1,-1,-1,-1,-1,-1,-1,-1,-1,-1,-1,-1,37,82,-1,34,-1,78,66,96,-1,-1,4,32,,,,,,
26,19,1,77,57,65,38,16,61,67,63,10,73,2,71,92,11,68,33,48,95,87,91,40,36,5,70,29,12,18,3,22,20,17,99,50,41,54,74,97,15,27,100,6,89,58,44,55,94,93,39,59,49,8,30,21,62,86,23,25,85,88,75,72,46,83,42,79,47,28,90,53,56,51,84,60,14,81,52,98,64,66,31,24,7,80,45,35,9,69,78,4,-1,43,-1,13,-1,76,37,82,96,-1,-1,-1,32,-1,-1,-1,-1,34,,,,,,,,,,,,,,,,,,,,,,,,,,,,,,,,,
6,75,83,15,39,46,89,59,100,52,23,47,30,62,42,72,49,14,94,25,8,54,95,18,93,27,99,86,21,98,56,44,64,58,51,45,53,81,85,69,5,17,16,50,38,40,29,87,36,67,11,61,77,10,71,33,2,91,92,26,48,68,65,57,73,1,20,70,12,63,22,74,41,19,97,55,3,-1,-1,-1,-1,-1,-1,-1,-1,-1,-1,-1,-1,-1,-1,-1,-1,-1,-1,-1,-1,-1,-1,-1,-1,-1,-1,-1,-1,-1,-1,-1,90,84,35,79,80,88,31,13,7,-1,60,24,28,9,76,43,66,82,37,96,78,32,34,4,,,,,,,,,,,
62,59,47,86,75,25,49,81,42,100,46,83,52,51,14,30,53,39,85,89,15,23,6,88,35,56,94,80,31,72,21,54,84,98,45,69,64,13,28,79,90,60,5,7,50,41,74,17,67,87,77,22,19,63,68,26,1,16,91,71,2,10,61,48,33,11,92,57,65,38,73,36,20,12,58,29,70,40,97,18,44,95,93,3,99,55,27,8,-1,-1,-1,-1,-1,-1,-1,-1,-1,-1,-1,-1,-1,-1,-1,-1,-1,-1,-1,-1,-1,-1,-1,-1,-1,-1,-1,-1,-1,-1,43,-1,24,37,-1,82,-1,-1,-1,76,96,66,9,-1,-1,32,4,78,-1,34,,,,,
63,5,20,67,38,12,50,41,16,17,87,29,40,18,22,11,97,74,68,71,48,77,1,33,91,92,26,2,10,57,73,19,65,61,36,39,44,6,30,72,23,59,75,42,70,55,3,49,52,58,25,93,95,27,54,99,14,8,21,86,81,15,94,85,69,89,46,83,35,100,98,47,45,88,13,7,66,51,62,24,96,53,56,37,4,78,34,79,84,64,-1,31,28,90,80,-1,-1,-1,-1,60,43,76,-1,-1,-1,9,82,-1,-1,-1,32,,,,,,,,,,,,,,,,,,,,,,,,,,,,,,,,
79,90,31,35,84,45,80,64,7,88,56,43,69,28,85,81,66,82,60,13,86,24,53,98,14,9,76,25,32,52,37,96,4,59,42,78,49,34,83,100,47,-1,-1,51,62,-1,-1,-1,-1,-1,-1,-1,-1,-1,22,-1,40,-1,-1,44,87,95,18,58,97,93,1,38,5,20,67,16,50,17,65,12,77,11,10,33,61,26,2,92,68,71,91,48,57,73,29,19,63,36,41,70,74,55,99,21,27,3,39,54,8,15,94,6,89,30,72,75,23,46,,,,,,,,,,,,,,,,,,,,,,,,,,,,,
2,10,71,92,11,48,91,61,26,65,33,57,68,77,1,73,36,38,67,16,29,19,20,5,17,50,22,40,74,70,12,41,87,55,97,99,58,27,63,3,18,95,21,44,93,8,54,89,15,94,23,100,30,46,39,75,6,83,72,42,49,47,59,62,25,86,53,56,51,52,14,98,79,81,85,90,64,84,88,69,31,35,80,45,28,43,7,60,76,37,13,66,82,96,24,78,32,9,34,-1,4,,,,,,,,,,,,,,,,,,,,,,,,,,,,,,,,,,,,,,,,,,
77,63,48,73,68,20,1,29,71,16,2,26,11,92,33,91,61,10,18,65,57,41,19,12,38,67,36,27,97,74,5,21,17,87,50,3,39,94,22,70,95,40,15,55,44,30,42,58,99,54,93,72,8,49,25,23,89,51,81,85,47,83,6,100,75,46,88,98,59,84,35,62,31,14,90,69,24,52,53,86,56,60,9,43,64,79,28,13,80,45,82,32,34,7,66,76,37,4,-1,-1,-1,96,-1,-1,-1,78,,,,,,,,,,,,,,,,,,,,,,,,,,,,,,,,,,,,,
32,4,34,-1,37,78,-1,24,9,-1,60,69,82,76,96,13,-1,43,66,-1,7,-1,-1,35,-1,28,-1,-1,88,-1,45,-1,85,-1,79,90,-1,80,-1,-1,98,64,84,62,31,14,86,-1,53,81,-1,-1,-1,-1,-1,-1,-1,-1,-1,-1,-1,-1,-1,-1,-1,-1,-1,-1,-1,8,89,94,95,54,15,44,99,58,70,19,74,40,87,5,36,17,67,68,1,48,73,26,92,77,71,33,2,91,11,10,61,57,65,29,41,16,38,50,22,3,12,63,20,55,21,27,97,93,18,39,23,56,83,49,100,72,6,51,75,46,47,42,30,-1,59,25,52,,,,,,
22,20,87,50,41,63,17,40,44,38,12,19,74,58,93,95,5,97,70,94,55,1,11,92,57,10,48,65,77,71,91,33,61,2,16,68,73,26,67,29,49,36,30,46,72,47,59,42,62,3,18,25,86,51,99,8,21,54,27,52,56,64,35,89,100,88,79,39,23,6,15,83,13,76,75,66,96,9,98,32,81,34,53,14,85,-1,84,-1,-1,-1,-1,90,-1,69,-1,31,45,28,80,7,-1,60,-1,24,-1,-1,43,-1,37,82,78,4,,,,,,,,,,,,,,,,,,,,,,,,,,,,,,,
80,79,81,64,45,56,85,90,28,98,69,35,53,86,84,31,52,51,25,7,88,43,76,13,47,82,14,59,9,49,60,24,78,83,46,100,42,72,6,75,62,32,34,-1,4,37,66,-1,96,-1,-1,-1,40,3,-1,12,55,58,22,8,54,87,63,20,99,57,77,67,73,5,92,91,11,61,10,65,33,2,68,71,36,48,16,29,26,38,50,74,19,1,17,70,41,27,93,21,44,97,18,15,89,39,95,94,23,-1,30,,,,,,,,,,,,,,,,,,,,,,,,,,,,,,,,,,,,
5,12,50,18,17,74,63,70,41,55,20,21,67,22,87,29,40,77,3,19,97,27,58,1,68,91,92,33,2,10,71,65,11,48,61,73,26,57,16,38,36,30,42,83,47,49,98,25,51,53,59,85,52,62,44,81,93,99,54,95,94,39,15,8,89,84,69,6,72,23,46,100,24,75,28,9,82,37,66,4,32,86,14,-1,56,-1,-1,-1,-1,-1,-1,64,90,45,35,80,79,88,31,-1,60,7,43,13,76,-1,-1,-1,-1,78,-1,-1,34,96,,,,,,,,,,,,,,,,,,,,,,,,,,,,,
83,47,59,52,25,42,100,49,23,75,72,51,62,56,86,53,98,6,14,81,46,80,85,79,64,39,44,94,93,27,54,89,15,30,90,28,84,31,45,13,88,7,19,12,74,17,41,50,70,40,55,38,73,48,67,29,36,57,26,61,68,71,10,33,2,92,91,65,11,16,20,77,8,5,1,22,63,3,21,87,99,97,18,95,58,-1,-1,-1,-1,-1,-1,-1,-1,-1,-1,-1,-1,-1,-1,-1,-1,-1,-1,-1,-1,-1,-1,-1,-1,69,-1,35,-1,-1,-1,-1,-1,-1,-1,60,82,-1,24,-1,-1,43,76,66,32,9,37,78,4,96,34,,,,,,,,
89,6,100,83,72,94,8,23,49,30,39,42,46,75,99,44,54,18,97,21,93,15,27,55,95,62,47,58,59,53,86,56,25,51,64,52,81,85,19,73,41,57,36,17,26,48,33,2,71,61,91,1,10,11,92,65,77,68,29,38,5,16,20,67,50,63,87,12,74,22,40,3,70,-1,9,34,-1,-1,-1,-1,-1,-1,-1,-1,-1,-1,-1,-1,-1,-1,-1,-1,-1,98,14,-1,-1,-1,-1,-1,-1,35,84,80,88,79,90,69,31,60,28,24,13,66,45,43,96,82,7,37,76,32,78,4,,,,,,,,,,,,,,,,,,,
97,27,40,17,67,22,87,73,19,36,5,20,95,29,55,50,74,70,77,61,92,65,12,57,2,71,10,1,33,91,11,26,48,38,68,16,15,89,23,41,30,63,59,94,75,25,6,3,100,51,8,18,58,99,14,44,86,56,84,53,21,93,54,39,72,64,83,88,69,98,60,46,49,62,42,47,37,66,96,43,24,52,82,85,-1,81,32,4,-1,80,35,-1,-1,-1,79,90,28,45,-1,-1,7,13,31,76,9,-1,-1,-1,78,-1,-1,-1,-1,-1,-1,34,,,,,,,,,,,,,,,,,,,,,,,,,,,
94,23,3,95,93,54,44,18,55,39,30,27,21,49,15,97,46,8,42,6,89,99,100,70,58,59,40,72,75,20,83,77,29,25,38,67,36,63,92,48,91,1,71,65,68,2,61,26,10,11,33,57,16,73,19,22,5,87,17,41,50,12,74,79,31,13,37,60,66,24,7,34,4,32,-1,-1,78,47,-1,-1,-1,-1,-1,51,62,-1,-1,98,-1,14,52,81,53,85,56,86,-1,84,-1,35,88,64,80,69,-1,90,-1,-1,28,45,43,76,82,-1,-1,96,9,,,,,,,,,,,,,,,,,,,,,,,,,,
49,25,72,39,23,30,42,6,62,59,15,8,75,94,89,46,21,54,81,51,64,95,18,27,100,44,93,99,83,84,47,35,31,52,86,98,14,88,20,74,1,22,38,16,41,91,67,77,11,48,92,2,71,33,26,73,97,10,65,57,61,19,5,68,29,17,50,36,87,12,58,55,40,63,70,3,-1,-1,-1,-1,-1,-1,-1,-1,-1,-1,-1,-1,-1,-1,-1,-1,-1,-1,-1,53,56,85,-1,-1,-1,-1,-1,-1,-1,-1,45,80,79,-1,90,60,69,37,24,66,13,28,76,7,43,82,32,96,9,4,34,-1,-1,78,,,,,,,,,,,,,
91,1,65,26,77,57,33,38,73,2,36,71,61,20,10,48,92,5,11,68,87,40,16,29,67,97,58,18,19,99,63,17,50,12,27,41,22,74,44,21,55,70,95,3,94,54,15,93,6,100,89,8,39,30,59,62,47,23,42,83,51,52,72,46,49,75,56,14,81,25,84,35,53,31,64,86,69,98,85,60,45,80,79,28,88,24,90,76,82,96,4,43,7,-1,13,37,-1,66,9,-1,-1,-1,32,78,-1,34,,,,,,,,,,,,,,,,,,,,,,,,,,,,,,,,,,,,,
35,31,79,90,88,69,7,53,45,51,85,14,98,81,80,84,28,60,56,86,66,52,64,62,43,76,37,13,82,24,96,32,34,9,49,42,59,46,100,83,75,47,25,78,-1,-1,-1,-1,4,-1,-1,-1,-1,-1,40,55,-1,-1,3,18,58,8,99,97,44,41,93,29,38,77,68,5,1,67,19,92,71,57,48,11,91,2,10,26,33,65,61,16,73,12,36,20,50,22,70,17,63,74,87,23,95,27,54,39,6,30,89,94,15,72,21,,,,,,,,,,,,,,,,,,,,,,,,,,,,,,,,
76,24,60,13,28,7,96,37,43,66,35,31,45,79,82,78,84,69,88,85,90,32,9,34,4,51,64,-1,81,-1,-1,14,80,-1,-1,-1,86,98,53,-1,59,56,62,52,-1,-1,-1,-1,-1,-1,-1,-1,-1,-1,-1,-1,-1,-1,-1,-1,-1,-1,95,99,58,27,21,18,8,93,44,50,22,87,41,74,5,1,38,20,68,16,65,91,77,10,11,92,71,2,48,33,26,57,19,61,73,67,29,36,55,12,17,40,97,70,63,3,23,39,54,46,15,94,89,30,42,6,100,83,72,49,75,25,-1,47,,,,,,,,,,,,,,,,,
38,77,36,16,1,92,19,11,91,10,61,48,2,71,26,33,68,65,63,87,73,17,57,22,5,3,41,20,67,50,29,58,44,74,70,54,95,40,12,93,94,97,39,8,18,99,55,83,46,27,21,49,59,72,15,30,100,75,89,6,23,42,52,56,86,81,85,47,64,62,25,14,51,28,45,53,98,13,60,79,76,84,90,9,80,31,37,88,69,35,7,96,78,34,43,4,24,-1,-1,-1,66,82,-1,32,,,,,,,,,,,,,,,,,,,,,,,,,,,,,,,,,,,,,,,
41,74,63,5,70,29,12,36,67,3,16,22,17,50,73,40,55,33,26,97,68,61,2,65,10,1,71,11,91,19,48,92,57,77,20,38,8,15,39,6,87,98,46,23,59,42,25,51,49,75,99,58,44,18,27,95,54,14,93,21,53,94,89,64,28,69,90,100,45,60,72,30,83,24,47,80,88,62,86,82,13,9,52,56,81,34,85,96,-1,4,79,84,-1,35,31,-1,-1,-1,43,-1,76,-1,7,37,66,-1,-1,78,-1,32,,,,,,,,,,,,,,,,,,,,,,,,,,,,,,,,,
95,39,30,46,89,21,6,15,83,94,54,49,72,23,44,3,99,42,8,47,75,100,59,25,18,93,51,52,58,62,27,81,1,36,29,86,85,14,56,50,61,11,91,38,16,63,17,20,57,26,65,33,92,68,2,48,10,71,77,19,73,67,87,5,22,70,74,41,40,97,12,96,-1,55,4,-1,-1,-1,-1,-1,-1,-1,-1,-1,-1,-1,-1,-1,-1,-1,-1,-1,-1,-1,-1,98,53,64,79,-1,-1,45,-1,84,35,-1,80,31,43,13,88,28,90,60,7,24,69,66,37,76,9,-1,82,32,34,78,,,,,,,,,,,,,,,,,
21,50,5,55,27,40,99,97,8,70,93,12,22,17,63,87,58,41,44,74,3,18,15,54,94,89,38,16,11,48,57,68,92,33,10,2,71,91,65,61,26,20,77,29,67,36,73,1,59,19,98,53,51,85,81,56,84,64,79,90,95,80,45,7,35,30,31,82,46,39,42,76,60,72,23,75,6,49,78,83,100,62,34,25,47,52,86,14,-1,-1,-1,-1,-1,-1,-1,-1,69,-1,88,-1,-1,-1,28,-1,37,13,-1,43,24,-1,66,-1,96,9,32,-1,4,,,,,,,,,,,,,,,,,,,,,,,,,,
61,92,26,71,48,2,65,10,68,57,38,91,33,36,11,77,67,50,1,17,16,73,5,20,40,29,74,19,87,55,99,8,70,22,41,12,97,44,3,63,89,58,54,27,15,18,21,23,93,95,75,30,100,83,94,39,72,49,62,47,6,46,86,42,56,14,52,59,25,53,51,79,64,85,98,81,80,31,45,88,35,69,84,7,13,90,76,66,60,43,28,9,4,78,37,24,82,-1,-1,96,32,-1,-1,-1,34,,,,,,,,,,,,,,,,,,,,,,,,,,,,,,,,,,,,,,
7,35,90,60,31,88,64,56,69,82,84,98,80,43,24,79,85,9,45,53,76,51,37,86,62,52,66,81,28,32,13,78,96,4,34,25,75,-1,-1,14,-1,42,-1,-1,-1,-1,-1,-1,-1,-1,-1,-1,-1,-1,-1,-1,-1,12,-1,-1,99,55,97,18,27,19,70,17,21,58,63,57,16,26,5,71,48,10,65,2,92,33,73,11,61,68,77,29,67,20,1,91,36,38,50,74,41,93,22,87,3,40,8,15,54,44,95,72,30,23,39,94,89,6,83,46,47,49,59,100,,,,,,,,,,,,,,,,,,,,,,,
64,28,84,80,79,90,45,31,88,56,7,76,85,98,13,69,96,62,43,60,52,53,51,14,86,37,81,78,35,9,24,82,66,47,32,83,100,59,75,25,34,49,-1,-1,-1,-1,-1,-1,-1,4,-1,-1,-1,-1,-1,-1,-1,97,-1,58,8,99,3,55,21,44,54,95,29,36,70,68,38,91,73,61,92,33,2,48,11,10,71,65,57,26,16,20,74,67,77,50,19,41,1,22,5,17,12,40,87,93,27,63,46,39,72,23,94,15,89,30,18,42,6,,,,,,,,,,,,,,,,,,,,,,,,,,,,
45,7,13,43,66,35,60,76,24,31,82,9,78,37,88,96,4,32,90,80,34,84,-1,-1,79,98,86,53,14,85,81,64,69,28,-1,-1,-1,75,62,-1,-1,52,-1,-1,51,-1,56,-1,-1,-1,-1,-1,-1,-1,-1,-1,-1,-1,-1,-1,-1,-1,-1,-1,95,54,27,8,99,3,18,17,5,70,50,16,36,68,67,26,1,29,20,77,11,61,10,71,2,92,57,65,91,33,48,38,19,73,40,63,12,58,74,41,22,87,97,55,44,89,15,21,6,83,93,72,30,39,46,94,42,23,47,100,59,49,25,,,,,,,,,,,,,,,,
30,18,6,94,54,8,23,93,72,15,83,97,89,46,39,55,27,44,99,49,70,42,3,59,21,47,75,95,25,100,52,51,62,14,85,81,19,29,68,26,57,71,48,10,2,16,65,92,77,73,67,63,33,5,1,11,91,61,20,12,41,38,17,36,87,50,22,74,58,40,9,60,37,78,34,24,-1,4,-1,-1,-1,-1,-1,98,-1,-1,-1,-1,-1,53,-1,-1,86,-1,-1,56,88,69,-1,64,-1,84,35,-1,80,-1,31,90,-1,79,82,7,43,45,66,28,76,13,96,32,,,,,,,,,,,,,,,,,,,,,,,
25,98,49,59,47,23,72,14,89,83,52,6,35,42,75,51,62,53,86,64,81,45,80,94,85,100,69,30,8,46,39,60,56,90,15,21,31,7,82,84,28,19,41,74,63,12,24,79,73,20,70,55,57,77,29,91,61,65,16,48,71,2,92,10,26,33,5,11,67,68,50,22,93,1,36,97,58,17,87,40,38,44,3,99,27,18,95,54,-1,-1,-1,-1,-1,-1,-1,-1,-1,-1,-1,-1,-1,-1,-1,-1,-1,-1,-1,-1,-1,-1,-1,88,-1,-1,-1,-1,-1,-1,-1,-1,66,-1,43,-1,-1,13,4,32,9,76,-1,96,37,-1,-1,-1,34,78,,,,,
17,41,38,12,63,73,70,50,29,87,40,74,19,55,58,22,26,36,71,3,99,48,65,2,16,33,57,10,61,77,68,20,91,11,1,92,5,67,54,18,6,72,23,100,25,75,62,59,97,47,42,86,53,44,8,27,52,95,14,93,89,98,56,21,81,15,30,94,39,35,69,49,88,46,83,13,60,24,51,66,9,64,37,96,78,32,4,84,85,-1,-1,79,80,28,90,45,31,-1,-1,-1,-1,43,-1,-1,82,76,7,-1,-1,-1,34,,,,,,,,,,,,,,,,,,,,,,,,,,,,,,,,
56,86,53,81,85,64,98,80,51,84,14,52,79,88,45,90,59,25,35,31,60,69,62,42,28,24,49,83,13,43,75,46,72,100,30,47,6,39,7,37,76,78,66,82,9,4,34,96,32,-1,-1,40,3,12,50,58,17,74,87,63,70,97,41,19,20,38,68,73,48,11,91,33,71,10,2,26,61,92,36,77,65,57,1,67,16,5,29,22,95,54,27,99,18,44,55,8,93,21,15,89,94,23,,,,,,,,,,,,,,,,,,,,,,,,,,,,,,,,,,,,,,,,,
19,65,10,61,92,68,73,33,11,71,29,1,26,67,2,57,91,48,16,77,63,5,41,36,12,70,20,17,38,22,74,50,3,18,54,27,93,55,87,40,8,21,58,39,99,95,97,44,72,6,94,15,42,47,46,98,49,89,53,30,83,23,100,75,59,85,81,25,56,80,86,51,62,90,52,35,28,79,43,7,84,14,64,69,82,76,88,24,45,31,60,78,9,4,34,-1,13,-1,-1,32,37,66,96,,,,,,,,,,,,,,,,,,,,,,,,,,,,,,,,,,,,,,,,
15,72,54,89,83,95,93,27,94,18,100,3,8,44,21,6,30,46,55,42,39,75,47,51,53,99,25,23,49,56,62,59,14,29,98,77,20,5,52,67,50,68,1,71,10,92,26,33,2,91,61,48,11,65,36,57,73,38,19,17,16,74,70,12,41,40,63,58,22,87,97,24,76,4,-1,78,-1,-1,-1,-1,34,-1,-1,-1,-1,-1,-1,-1,-1,-1,-1,85,-1,81,86,-1,-1,-1,-1,-1,80,-1,90,79,64,84,35,45,69,88,31,43,7,28,82,60,37,9,66,13,32,-1,96,,,,,,,,,,,,,,,,,,,,
48,91,77,68,20,26,16,71,2,11,10,33,92,61,65,5,12,57,36,38,1,50,73,67,19,22,63,41,17,29,58,18,27,70,55,74,87,97,40,54,93,39,99,30,3,44,72,95,8,21,83,75,23,89,49,15,94,42,47,46,100,6,81,51,52,98,59,62,84,85,80,25,86,35,53,14,31,45,64,56,60,7,88,90,79,69,9,37,96,28,32,34,43,13,-1,66,76,24,82,78,-1,-1,4,,,,,,,,,,,,,,,,,,,,,,,,,,,,,,,,,,,,,,,,
10,48,33,2,71,91,11,65,92,61,26,68,77,57,16,38,73,1,20,5,36,12,67,19,50,17,29,87,22,63,41,70,97,40,74,58,55,18,99,44,27,93,3,95,54,39,8,21,23,15,30,94,89,6,72,83,75,100,46,59,25,49,42,47,14,62,51,52,86,81,53,85,98,64,56,84,35,88,69,31,79,90,45,80,60,28,13,7,24,66,43,37,76,9,96,32,4,82,78,-1,34,,,,,,,,,,,,,,,,,,,,,,,,,,,,,,,,,,,,,,,,,,
69,9,78,66,82,24,76,60,96,35,37,13,43,4,7,32,-1,34,-1,-1,-1,28,88,-1,-1,80,98,-1,84,90,85,79,-1,45,-1,56,62,64,-1,-1,53,81,31,86,52,-1,51,14,-1,-1,-1,-1,-1,-1,-1,-1,-1,-1,-1,-1,-1,-1,8,-1,-1,3,55,-1,19,18,94,44,74,95,21,17,41,97,57,12,73,87,92,63,29,67,48,77,65,33,71,2,10,91,61,11,26,68,1,5,38,20,16,22,40,50,36,70,93,99,58,39,54,100,27,15,23,89,72,49,30,59,6,46,47,83,42,75,25,,,,,,,,,,,,,,
82,13,66,96,76,43,24,28,37,7,78,4,9,34,31,60,32,80,-1,90,79,-1,-1,84,56,45,-1,88,-1,35,-1,69,-1,-1,-1,-1,-1,52,86,64,-1,-1,-1,53,14,85,81,98,-1,-1,-1,-1,-1,-1,-1,-1,-1,-1,-1,-1,-1,-1,-1,-1,3,95,89,44,-1,15,99,21,27,97,22,54,17,36,58,1,57,73,29,61,50,20,33,11,91,26,10,92,2,71,68,48,77,65,38,67,16,5,40,70,19,74,87,12,41,55,63,8,83,18,75,93,6,100,94,30,39,46,72,47,23,42,62,59,51,49,25,,,,,,,,,,,,
58,22,21,93,15,89,95,54,39,5,6,40,18,27,94,99,100,72,83,75,44,97,23,8,30,42,46,49,53,59,51,98,47,86,62,1,10,77,61,17,65,16,68,11,33,29,92,67,20,36,73,26,2,91,57,19,71,50,48,55,12,70,38,41,74,87,45,63,3,76,32,7,78,-1,-1,-1,-1,-1,-1,-1,25,-1,-1,-1,-1,-1,-1,-1,-1,81,-1,-1,-1,52,-1,14,-1,56,85,79,90,-1,64,-1,84,-1,-1,28,-1,35,69,80,31,82,88,37,43,60,24,4,-1,13,9,34,-1,96,-1,-1,-1,-1,66,,,,,,,,,,,,
85,84,64,88,52,14,28,98,86,53,25,81,90,47,79,59,69,56,51,45,31,62,43,49,80,35,100,60,23,83,6,72,75,42,24,89,13,30,46,66,9,82,78,4,76,7,32,34,37,96,87,3,12,97,74,40,70,73,63,20,22,57,19,61,65,29,16,1,92,33,71,10,2,11,91,48,68,26,77,38,67,41,5,50,17,36,39,18,93,95,55,94,21,54,44,99,27,15,8,58,,,,,,,,,,,,,,,,,,,,,,,,,,,,,,,,,,,,,,,,,,,
84,64,56,45,69,28,31,35,90,79,80,88,60,85,53,52,81,24,13,98,43,14,86,9,59,7,82,62,66,96,76,37,100,46,6,30,83,42,47,49,25,75,51,34,-1,78,-1,4,-1,-1,32,-1,-1,40,87,3,58,22,55,97,44,63,12,29,91,36,38,20,1,17,16,67,57,48,33,11,2,65,92,61,10,71,26,68,73,77,41,50,5,74,19,21,70,18,99,93,8,39,54,27,15,95,72,23,94,89,,,,,,,,,,,,,,,,,,,,,,,,,,,,,,,,,,,,,
47,49,46,30,42,62,75,25,59,81,86,100,51,52,72,56,14,64,53,93,84,85,31,83,6,18,35,54,27,8,94,80,23,21,39,79,98,45,88,7,13,90,12,19,17,50,40,41,74,38,22,67,70,57,20,92,48,36,58,5,77,1,71,11,10,91,26,68,16,2,61,65,33,73,87,99,29,63,55,44,97,3,95,89,15,-1,-1,-1,-1,-1,-1,-1,-1,-1,-1,-1,-1,-1,-1,-1,-1,-1,-1,-1,-1,-1,-1,-1,-1,-1,-1,-1,-1,-1,-1,-1,-1,69,-1,-1,-1,28,60,24,-1,76,66,43,4,37,82,34,9,78,96,32,,,,,,,
86,42,51,85,56,79,53,52,81,14,88,62,59,64,25,47,75,90,84,69,28,98,13,100,49,31,83,35,46,30,23,45,93,72,94,6,80,66,43,60,78,37,82,96,7,76,63,24,9,50,40,74,41,38,70,17,87,5,97,29,67,20,57,73,48,77,71,33,2,92,11,26,10,65,68,91,1,16,61,36,19,22,44,18,12,95,99,55,3,21,58,54,8,89,27,15,39,-1,-1,-1,-1,-1,-1,-1,-1,-1,-1,-1,-1,-1,-1,-1,-1,-1,-1,-1,-1,-1,-1,-1,-1,-1,-1,-1,-1,-1,-1,34,-1,-1,-1,-1,-1,-1,-1,-1,-1,-1,32,-1,4,,
75,100,42,6,46,49,59,47,25,62,51,72,83,30,81,14,86,84,39,18,27,94,93,15,52,23,95,44,54,21,89,85,53,31,88,64,56,79,90,98,12,35,17,5,22,1,16,73,38,57,20,36,65,26,61,10,11,92,71,2,33,48,91,77,68,67,97,19,70,50,29,87,58,99,40,41,55,74,63,3,8,-1,-1,-1,-1,-1,-1,-1,-1,-1,-1,-1,-1,-1,-1,-1,-1,-1,-1,-1,-1,-1,-1,-1,-1,-1,-1,-1,-1,-1,80,-1,-1,69,76,-1,45,7,28,82,60,43,-1,13,24,66,78,9,37,4,96,32,34,,,,,,,,,,
23,95,44,99,94,39,3,30,6,27,97,93,15,54,49,89,18,87,58,100,42,55,21,72,25,8,53,46,47,1,20,16,36,67,73,5,57,61,77,11,19,26,92,2,91,71,10,65,48,33,68,12,29,22,38,63,41,17,70,40,74,50,90,60,37,80,82,24,7,66,76,4,32,43,-1,-1,-1,-1,59,-1,83,-1,75,-1,-1,-1,-1,-1,62,51,86,98,14,56,85,81,52,-1,84,45,35,88,79,64,28,69,-1,-1,-1,31,-1,13,-1,-1,-1,9,-1,-1,-1,-1,-1,78,34,-1,96,,,,,,,,,,,,,,,,,,
42,51,25,62,59,98,81,100,14,47,75,86,49,53,52,83,35,85,23,46,6,39,84,64,72,30,15,31,89,69,80,95,21,88,93,94,27,56,79,90,45,28,60,66,40,22,50,63,41,12,17,16,5,1,73,67,38,11,33,68,65,26,2,71,92,10,48,77,91,57,36,61,19,20,29,87,18,70,74,97,55,58,99,44,3,54,8,-1,-1,-1,-1,-1,-1,-1,-1,-1,-1,-1,-1,-1,-1,-1,-1,-1,-1,-1,-1,-1,-1,-1,-1,-1,-1,-1,-1,-1,-1,-1,-1,-1,-1,24,13,7,37,-1,43,82,76,96,-1,9,78,4,32,34,,,,,,,
39,83,23,49,30,99,47,72,15,6,81,25,44,59,46,98,87,52,95,27,21,58,94,97,89,54,8,93,80,75,53,86,42,62,14,35,51,100,26,33,16,5,63,61,12,11,2,68,65,70,71,91,48,19,10,20,92,77,73,1,57,41,36,38,67,22,3,50,17,29,74,18,55,40,82,96,-1,-1,-1,-1,-1,-1,-1,-1,-1,-1,-1,-1,-1,-1,-1,56,-1,-1,-1,-1,64,-1,45,-1,-1,85,-1,-1,90,88,28,79,84,43,24,31,60,13,9,69,66,37,32,-1,-1,7,4,78,76,34,,,,,,,,,,,,,,,,,
20,29,16,41,73,67,5,19,12,74,57,63,36,10,50,65,70,11,48,33,2,71,92,68,61,26,91,77,1,38,93,39,22,44,8,17,54,3,27,87,40,55,18,58,97,72,83,46,95,99,47,21,98,59,51,25,15,52,94,89,30,86,23,53,6,42,80,75,100,45,49,28,35,84,62,56,81,43,7,76,14,85,13,64,9,37,96,90,79,88,31,-1,69,-1,-1,60,-1,-1,-1,24,-1,78,66,82,-1,-1,32,4,34,,,,,,,,,,,,,,,,,,,,,,,,,,,,,,,,,,
74,3,70,8,12,41,36,17,50,19,22,55,29,73,5,58,63,40,54,99,10,2,61,26,48,68,33,91,71,92,65,67,16,57,11,20,77,1,38,89,46,87,98,56,6,100,52,97,47,49,62,51,18,25,53,14,80,44,95,27,45,21,93,15,94,39,72,23,83,90,75,42,30,59,24,82,43,60,9,13,86,78,4,-1,32,64,81,85,88,84,69,35,79,-1,-1,28,-1,-1,-1,-1,31,-1,-1,-1,7,96,76,37,66,-1,-1,34,,,,,,,,,,,,,,,,,,,,,,,,,,,,,,,
44,21,95,54,58,93,97,94,27,89,18,99,87,8,23,15,39,55,100,72,83,6,46,30,75,49,3,42,62,47,59,25,86,56,53,51,38,73,33,77,2,91,10,48,65,61,57,36,26,71,1,92,68,67,11,16,19,20,5,50,29,17,22,70,12,74,41,40,63,43,24,37,96,82,78,32,9,34,-1,-1,-1,-1,-1,-1,-1,-1,-1,-1,-1,98,-1,52,-1,14,81,79,85,-1,90,84,64,80,88,28,45,31,69,60,35,-1,76,-1,66,7,13,-1,-1,-1,-1,-1,-1,4,,,,,,,,,,,,,,,,,,,,,
72,94,39,21,8,15,30,44,93,42,95,58,3,99,54,49,23,27,6,40,18,83,70,47,55,46,97,89,51,25,98,100,59,85,52,75,67,20,11,68,73,33,29,92,48,19,71,16,63,2,10,65,26,61,91,77,57,1,41,22,38,5,50,74,17,12,36,87,43,96,13,-1,-1,34,-1,-1,32,-1,4,78,-1,-1,-1,-1,-1,-1,-1,-1,-1,-1,62,86,56,53,-1,64,14,35,81,90,84,-1,-1,88,79,80,-1,-1,-1,28,45,69,24,31,60,7,82,76,9,66,37,,,,,,,,,,,,,,,,,,,,,,
50,70,41,74,40,87,55,58,22,63,44,17,99,97,3,19,29,12,93,8,38,20,54,91,77,65,39,21,48,2,61,10,71,26,57,33,68,92,1,16,11,73,67,36,5,62,18,47,75,86,51,14,25,52,98,53,95,81,80,64,27,56,79,35,45,23,94,89,15,30,6,72,46,83,100,49,59,42,37,9,78,76,66,4,34,-1,-1,-1,-1,85,-1,-1,88,84,69,-1,-1,90,60,31,28,-1,24,43,-1,82,96,7,13,-1,-1,32,,,,,,,,,,,,,,,,,,,,,,,,,,,,,,,
8,40,99,70,55,27,54,5,58,22,3,87,97,15,17,21,89,83,50,41,74,63,72,46,44,11,16,36,95,33,26,61,68,10,2,91,92,71,48,57,38,67,65,73,20,77,1,12,29,14,19,56,64,86,84,85,53,80,18,79,98,45,39,93,90,28,7,43,76,94,31,23,100,30,6,59,75,82,42,96,47,49,32,52,51,25,62,-1,81,-1,-1,-1,-1,-1,-1,88,35,-1,-1,-1,69,-1,-1,60,13,24,37,66,-1,9,-1,-1,-1,78,-1,-1,-1,34,4,,,,,,,,,,,,,,,,,,,,,,,,
57,73,19,48,29,38,67,22,20,77,91,36,1,65,92,17,2,71,61,10,26,33,68,16,41,74,11,97,63,95,87,55,12,3,5,18,70,21,50,23,39,94,8,40,42,89,46,99,30,44,58,27,54,93,47,100,25,62,51,72,86,81,83,6,15,56,64,84,49,75,59,88,69,60,31,98,52,14,28,85,53,96,24,76,37,35,79,32,78,90,80,-1,-1,-1,45,43,7,13,-1,66,82,9,-1,34,-1,-1,-1,-1,-1,4,,,,,,,,,,,,,,,,,,,,,,,,,,,,,,,,,
70,15,94,27,3,97,74,55,18,12,99,44,39,93,19,54,8,23,41,58,72,30,40,6,71,21,89,26,68,67,16,57,95,20,92,36,29,10,5,2,48,77,73,33,11,65,38,61,1,22,63,50,17,87,85,64,35,98,60,91,88,84,69,80,24,43,76,9,82,13,37,75,7,49,66,42,100,46,25,47,59,51,83,62,14,86,-1,52,53,-1,56,-1,-1,-1,-1,-1,81,-1,-1,-1,-1,90,-1,31,-1,-1,-1,-1,45,-1,79,78,-1,-1,96,4,28,32,-1,-1,34,,,,,,,,,,,,,,,,,,,,,,
12,17,22,63,19,70,41,3,87,58,50,95,5,74,38,67,20,93,92,44,40,57,97,39,11,48,77,71,26,68,33,2,10,91,65,61,1,16,73,36,29,8,49,72,46,51,75,81,25,55,86,52,56,98,18,59,99,27,85,54,35,90,21,88,60,94,23,15,30,89,83,6,42,47,7,100,76,32,82,62,66,4,78,34,53,-1,14,-1,-1,-1,64,-1,-1,79,84,-1,80,31,28,69,45,-1,13,-1,24,43,-1,9,96,37,,,,,,,,,,,,,,,,,,,,,,,,,,,,,,,,,
27,97,58,87,21,18,40,99,3,54,55,15,70,5,8,74,22,89,17,50,41,93,63,95,26,16,72,67,65,61,2,73,33,68,71,10,11,36,29,91,77,48,20,1,92,57,19,38,12,98,14,81,85,64,90,79,56,84,44,35,80,24,43,45,39,82,60,7,94,31,23,9,6,96,37,30,46,83,75,100,42,25,47,49,59,62,53,51,86,52,-1,-1,-1,-1,88,-1,-1,-1,69,28,-1,-1,-1,-1,-1,-1,13,76,-1,66,-1,-1,-1,32,4,78,-1,-1,-1,-1,-1,34,,,,,,,,,,,,,,,,,,,,,
78,76,32,69,9,37,13,66,82,96,28,24,7,60,34,4,-1,31,79,-1,-1,90,-1,43,-1,88,-1,-1,-1,81,84,-1,45,-1,56,80,-1,51,98,86,35,85,-1,64,53,52,-1,-1,-1,-1,-1,-1,-1,-1,-1,-1,-1,-1,-1,-1,-1,-1,-1,-1,8,21,-1,3,44,55,93,12,39,58,99,50,19,41,17,22,70,20,63,48,5,91,92,33,77,16,11,10,71,65,2,68,61,26,57,73,1,29,67,38,74,36,40,87,54,18,97,95,49,27,94,23,46,30,83,72,47,15,59,89,42,6,100,25,62,75,14,,,,,,,,,,,,
4,96,7,78,32,66,9,34,-1,37,-1,-1,-1,13,-1,76,24,-1,-1,43,35,-1,60,82,45,69,31,28,64,79,90,88,-1,-1,84,-1,-1,-1,80,81,-1,-1,-1,85,56,86,53,52,14,-1,-1,98,-1,-1,-1,-1,-1,-1,-1,-1,-1,-1,-1,-1,-1,-1,8,-1,-1,21,95,54,99,18,93,58,40,44,22,70,41,36,50,74,92,1,20,38,11,77,16,61,68,26,10,91,71,2,33,48,65,17,57,73,29,5,67,19,87,63,100,12,3,75,55,97,39,27,15,47,83,94,89,6,49,30,72,46,23,51,42,62,-1,59,25,,,,,,,,
93,54,89,75,6,100,15,83,95,72,21,30,94,39,18,8,44,3,27,62,23,46,49,58,99,14,59,56,52,86,42,47,51,53,81,29,25,17,64,5,20,38,11,68,36,26,48,71,92,77,57,10,91,2,33,61,65,67,50,16,1,73,40,87,70,55,12,22,41,74,19,97,63,13,96,37,4,78,34,-1,-1,-1,-1,-1,-1,-1,-1,-1,-1,-1,-1,-1,98,-1,-1,-1,-1,-1,-1,85,-1,79,-1,35,31,45,84,88,80,90,7,66,28,43,69,76,60,24,82,9,-1,-1,-1,-1,32,,,,,,,,,,,,,,,,,,
1,87,18,20,22,50,58,77,63,40,17,5,12,91,97,61,41,95,74,70,65,44,99,10,29,38,73,92,57,16,67,36,2,19,48,11,33,68,94,30,71,6,83,26,49,59,47,62,55,42,3,54,21,81,93,51,27,25,8,39,84,85,64,69,88,31,15,46,89,79,100,13,66,23,72,43,7,76,32,75,4,82,86,53,52,14,98,56,34,-1,45,28,-1,-1,-1,35,90,80,-1,-1,-1,-1,60,-1,-1,-1,-1,24,9,-1,37,96,-1,-1,-1,-1,-1,78,,,,,,,,,,,,,,,,,,,,,,,,,
59,81,52,47,62,51,14,86,85,25,53,84,31,83,35,45,42,100,49,88,98,64,75,80,69,6,79,90,94,13,46,30,39,23,72,7,66,43,60,28,56,76,9,37,32,96,82,78,24,74,41,87,50,20,12,70,22,29,61,77,91,65,1,63,19,16,57,71,10,48,2,92,26,68,11,33,38,5,73,67,18,17,36,40,44,58,97,93,55,99,54,95,3,21,8,27,15,89,-1,-1,-1,-1,-1,-1,-1,-1,-1,-1,-1,-1,-1,-1,-1,-1,-1,-1,-1,-1,-1,-1,-1,-1,-1,-1,-1,-1,-1,-1,-1,-1,-1,-1,-1,-1,-1,-1,4,-1,-1,-1,-1,34,
16,38,17,36,87,1,20,57,5,50,77,67,58,40,61,10,65,26,22,11,33,91,71,48,92,2,68,73,44,97,19,29,99,54,63,8,18,93,95,12,74,41,70,75,55,6,27,30,3,59,49,42,46,21,52,86,81,94,39,15,64,89,31,14,23,100,84,72,13,83,47,45,90,66,25,62,51,7,56,53,37,98,96,79,76,85,78,9,4,34,-1,88,35,80,28,69,-1,60,-1,43,-1,24,82,-1,-1,-1,-1,32,,,,,,,,,,,,,,,,,,,,,,,,,,,,,,,,,,,
31,88,80,14,53,85,84,62,56,13,45,79,64,90,69,86,51,47,98,52,25,81,35,28,66,75,7,43,76,60,32,6,30,37,100,59,23,83,49,78,42,96,4,-1,24,9,-1,-1,82,34,-1,-1,-1,-1,55,97,74,3,99,87,18,36,58,17,63,73,19,61,77,26,38,1,65,22,71,2,10,48,91,92,33,11,68,57,20,16,5,67,50,29,40,41,12,70,54,39,95,44,93,8,21,94,89,27,15,72,46,,,,,,,,,,,,,,,,,,,,,,,,,,,,,,,,,,,,
96,37,9,76,78,82,66,32,34,4,-1,28,-1,24,43,7,60,13,-1,-1,45,-1,79,-1,-1,-1,90,69,-1,88,31,-1,-1,80,-1,84,-1,35,-1,-1,81,-1,64,-1,85,-1,14,53,86,56,52,-1,-1,-1,-1,-1,-1,-1,-1,-1,-1,-1,-1,-1,-1,-1,95,-1,-1,-1,-1,27,54,8,3,18,22,99,50,41,40,5,12,36,1,19,65,57,61,91,68,73,11,10,92,2,33,71,48,26,29,16,77,20,67,63,74,38,17,70,87,55,93,97,58,21,15,44,39,6,94,89,46,83,72,23,30,42,47,98,49,25,59,100,51,75,62,,,,,,
43,60,88,79,35,31,69,45,13,28,90,7,24,84,76,80,9,66,82,37,96,78,98,4,32,81,85,34,56,64,-1,53,-1,-1,59,14,47,62,25,51,52,83,86,-1,-1,-1,-1,-1,-1,-1,-1,-1,-1,-1,-1,-1,-1,-1,-1,-1,3,40,55,44,54,18,99,93,97,95,17,29,67,36,48,77,57,19,16,91,71,92,33,10,2,11,26,61,68,63,65,1,73,5,38,20,50,12,41,70,22,74,58,21,87,27,15,39,8,94,6,89,72,30,23,100,49,46,42,75,,,,,,,,,,,,,,,,,,,,,,,
87,93,12,58,97,44,18,95,40,99,27,39,55,63,41,70,94,22,21,23,30,3,8,89,54,15,1,57,36,73,92,11,38,16,67,48,65,33,91,71,10,2,26,77,61,68,20,19,5,17,50,29,74,84,88,31,64,35,52,69,90,79,80,81,66,7,13,37,28,72,96,32,43,9,76,6,49,100,83,42,46,75,59,47,25,51,56,62,98,86,53,14,85,-1,-1,-1,-1,-1,-1,-1,-1,-1,45,-1,-1,60,-1,-1,82,24,-1,-1,4,-1,-1,-1,-1,-1,78,34,,,,,,,,,,,,,,,,,,,,,,,
24,45,28,7,43,76,35,82,79,60,31,80,84,69,90,9,64,88,37,96,13,66,32,56,78,4,34,85,-1,-1,14,52,81,-1,-1,-1,-1,-1,59,47,83,62,53,98,86,-1,-1,-1,-1,-1,-1,-1,-1,-1,-1,-1,-1,-1,-1,-1,-1,3,44,95,-1,97,58,54,55,99,27,20,36,41,38,1,67,91,33,57,77,61,11,73,48,2,71,10,92,65,26,68,16,29,5,19,12,22,63,17,70,50,87,74,93,40,39,18,21,8,94,15,30,23,72,6,89,25,49,46,100,42,51,75,,,,,,,,,,,,,,,,,,,
28,66,76,82,24,13,37,9,60,69,43,96,88,32,4,34,31,7,78,79,80,-1,-1,-1,90,-1,56,84,45,-1,-1,-1,-1,-1,35,-1,-1,-1,-1,85,64,14,81,25,98,53,-1,86,-1,52,-1,-1,-1,-1,-1,-1,-1,-1,-1,-1,-1,-1,-1,-1,-1,-1,-1,21,18,27,3,95,97,93,74,40,87,73,12,50,20,63,91,19,65,57,17,1,48,71,2,77,61,92,26,10,11,33,68,29,5,38,36,67,16,41,22,99,70,58,55,54,44,39,30,94,72,42,89,15,6,100,23,8,83,51,49,47,46,62,59,75,,,,,,,,,,,
67,68,29,19,36,17,57,74,38,20,1,16,50,33,48,41,71,92,2,26,91,11,10,73,65,77,61,3,55,54,95,5,8,99,18,44,63,12,89,46,22,100,40,70,87,83,23,27,58,72,97,62,75,56,86,93,51,21,15,94,39,14,53,52,30,6,49,28,98,42,88,59,47,80,43,25,13,35,76,37,85,81,60,78,66,4,82,64,90,79,84,69,45,31,-1,-1,-1,7,24,-1,-1,-1,-1,9,96,32,34,,,,,,,,,,,,,,,,,,,,,,,,,,,,,,,,,,,,
65,33,57,11,91,77,2,48,10,92,73,61,71,68,67,26,1,29,5,20,12,16,36,38,27,55,19,70,41,17,50,63,18,97,22,40,74,87,58,99,21,15,89,93,95,3,30,72,54,8,44,39,83,100,42,94,23,6,25,51,14,53,46,59,98,47,75,49,62,86,81,64,84,52,35,85,79,56,90,80,7,88,43,60,31,45,69,82,28,9,66,24,13,32,76,-1,-1,37,96,-1,-1,34,78,-1,4,,,,,,,,,,,,,,,,,,,,,,,,,,,,,,,,,,,,,,
18,55,27,97,95,3,21,63,99,93,41,94,54,87,70,12,15,58,40,22,50,74,89,44,8,73,30,38,29,26,77,42,19,65,91,71,48,2,10,1,92,61,33,20,57,67,36,11,68,16,5,17,81,53,56,84,79,85,90,88,43,35,24,31,80,60,28,69,6,37,82,39,23,100,46,72,47,25,49,51,75,83,62,59,-1,98,52,86,14,-1,-1,-1,64,-1,-1,-1,-1,-1,-1,-1,-1,-1,-1,45,-1,-1,66,96,7,76,13,9,32,4,78,-1,34,,,,,,,,,,,,,,,,,,,,,,,,,,
92,61,11,33,65,71,10,68,57,73,48,2,91,26,29,16,77,67,19,1,20,36,38,41,74,63,17,22,5,3,70,12,55,50,40,87,21,8,18,58,54,44,93,99,27,97,95,94,39,89,72,83,15,23,6,42,46,47,30,100,75,25,49,98,53,59,62,86,52,51,85,56,14,79,81,64,84,28,80,90,88,31,69,35,43,82,24,45,7,76,9,13,60,66,4,-1,34,96,-1,37,78,32,,,,,,,,,,,,,,,,,,,,,,,,,,,,,,,,,,,,,,,,,
88,80,35,31,7,84,90,43,64,45,66,60,28,14,9,85,79,98,69,56,53,86,81,52,37,13,24,82,96,4,78,76,46,75,47,62,30,49,42,59,51,25,-1,32,34,-1,-1,-1,-1,-1,-1,-1,-1,-1,-1,-1,-1,-1,40,3,97,-1,27,54,18,58,29,5,93,1,26,63,68,16,77,38,11,61,71,10,2,65,48,33,91,92,57,73,20,19,50,12,22,17,67,41,70,87,36,39,74,55,99,95,21,94,44,15,72,6,83,23,8,89,100,,,,,,,,,,,,,,,,,,,,,,,,,,,,
33,26,91,1,61,11,71,2,77,48,65,92,10,38,68,20,57,16,73,36,17,29,22,50,87,19,67,63,18,5,40,97,74,41,12,70,99,95,21,55,58,3,44,54,30,94,100,8,89,39,27,23,93,15,75,72,83,59,6,81,46,62,51,84,42,49,47,53,88,64,56,52,25,86,14,31,85,69,35,45,80,79,98,66,90,13,43,28,37,7,96,60,32,24,82,34,9,-1,76,-1,-1,-1,-1,4,-1,-1,78,,,,,,,,,,,,,,,,,,,,,,,,,,,,,,,,,,,,
37,78,96,34,4,32,-1,-1,-1,9,13,82,66,-1,-1,24,76,-1,-1,-1,-1,60,7,-1,-1,-1,43,-1,-1,28,88,31,90,79,-1,-1,69,-1,-1,80,-1,84,56,45,35,64,-1,-1,85,-1,81,-1,-1,-1,-1,-1,-1,-1,-1,-1,-1,-1,-1,-1,-1,-1,-1,-1,-1,-1,-1,8,89,44,95,27,54,93,99,58,3,74,41,22,19,87,38,36,29,68,67,16,48,11,33,26,92,61,71,2,91,10,1,65,57,73,77,17,20,50,40,5,70,12,63,55,21,97,23,18,75,39,94,15,30,46,59,83,100,42,72,49,6,62,47,51,86,25,52,14,53,98,
81,62,86,53,51,52,56,85,84,49,47,46,25,100,98,88,72,75,59,83,14,79,39,90,42,64,80,45,15,89,30,23,94,6,28,43,35,69,13,76,31,24,7,9,66,60,96,37,87,5,36,70,67,41,17,50,63,19,68,11,92,33,48,2,61,71,10,91,26,65,1,38,77,57,16,73,20,22,29,74,12,54,40,58,95,3,18,44,99,97,93,55,27,8,21,-1,-1,-1,-1,-1,-1,-1,-1,-1,-1,-1,-1,-1,-1,-1,-1,-1,-1,-1,-1,-1,-1,-1,-1,-1,-1,-1,-1,-1,82,-1,-1,-1,-1,-1,32,-1,-1,-1,-1,-1,-1,4,78,-1,34,,
100,30,75,42,49,59,46,21,54,23,62,18,6,89,83,39,93,94,72,95,47,8,25,81,51,86,52,14,99,15,64,27,58,84,31,85,88,53,35,56,69,50,22,63,77,38,87,91,17,65,16,68,20,71,48,1,67,2,11,10,26,61,33,92,57,5,73,97,36,19,41,40,12,29,44,70,74,55,3,-1,-1,-1,-1,-1,-1,-1,-1,-1,-1,-1,-1,-1,-1,-1,98,-1,-1,-1,-1,-1,-1,-1,-1,-1,-1,-1,79,-1,60,-1,-1,90,37,80,43,45,24,-1,-1,28,96,66,7,76,13,32,9,78,82,34,4,,,,,,,,,,,,
36,57,67,29,5,16,77,20,74,68,19,50,38,70,12,1,48,91,10,2,11,92,26,71,33,61,65,55,73,58,8,40,89,27,3,93,17,22,41,15,63,46,87,97,100,56,94,75,18,83,54,44,99,95,21,47,39,53,49,98,62,30,14,23,79,72,6,90,42,59,45,80,28,69,51,76,25,86,81,52,82,37,85,32,96,84,64,34,35,78,88,-1,31,-1,-1,7,60,43,13,-1,24,-1,9,66,-1,-1,-1,-1,4,,,,,,,,,,,,,,,,,,,,,,,,,,,,,,,,,,
53,56,98,51,86,81,52,79,46,85,42,90,47,25,59,64,80,49,75,14,62,72,28,45,83,84,88,100,30,93,35,94,6,39,69,15,43,23,31,24,7,66,37,76,13,82,12,40,60,9,96,5,22,74,63,41,50,70,57,92,19,11,67,1,16,68,65,10,71,91,33,48,73,2,61,36,26,77,20,29,17,55,38,87,54,8,3,21,27,58,99,18,44,95,89,97,-1,-1,-1,-1,-1,-1,-1,-1,-1,-1,-1,-1,-1,-1,-1,-1,-1,-1,-1,-1,-1,-1,-1,-1,-1,-1,-1,-1,-1,-1,-1,-1,-1,-1,-1,-1,-1,-1,-1,-1,78,32,4,34,,,
99,8,15,3,44,72,39,89,21,97,94,54,93,95,27,18,6,30,12,55,58,70,83,63,46,87,23,47,100,42,25,49,98,73,75,57,61,19,36,65,67,92,2,91,71,10,11,48,33,68,26,77,1,29,16,5,20,41,38,74,17,22,28,50,40,90,43,80,24,82,66,31,9,7,32,4,34,-1,-1,59,-1,-1,-1,-1,-1,56,-1,-1,51,62,14,53,52,86,64,85,84,81,35,88,79,-1,69,-1,-1,-1,60,13,-1,-1,-1,45,-1,76,37,-1,-1,96,-1,-1,78,,,,,,,,,,,,,,,,,,,,,,
14,53,85,56,98,80,86,84,52,90,79,64,81,7,51,25,43,59,62,35,69,47,45,31,82,83,42,15,6,39,100,75,49,89,23,46,72,28,24,88,60,9,96,13,37,87,76,22,66,32,78,97,55,70,5,74,12,40,36,33,63,29,73,65,77,61,2,26,68,10,48,11,92,71,57,20,91,67,1,16,50,19,17,38,41,27,58,99,21,8,18,3,54,93,95,44,30,94,-1,-1,-1,-1,-1,-1,-1,-1,-1,-1,-1,-1,-1,-1,-1,-1,-1,-1,-1,-1,-1,-1,-1,-1,-1,-1,-1,-1,-1,-1,-1,-1,-1,-1,-1,-1,-1,-1,-1,-1,-1,-1,-1,4,34
60,69,24,37,90,96,82,88,31,76,9,66,13,78,32,43,34,35,28,4,51,7,56,53,98,79,84,64,85,45,-1,-1,-1,81,80,-1,-1,86,-1,62,14,-1,52,-1,-1,-1,-1,-1,-1,-1,-1,-1,-1,-1,-1,-1,-1,-1,-1,-1,-1,-1,-1,-1,-1,99,18,27,54,70,55,58,3,38,17,19,12,50,41,63,29,68,74,71,10,48,2,65,26,57,33,11,1,61,73,92,91,77,67,16,36,22,5,87,20,97,21,40,95,93,8,44,39,72,15,83,100,94,30,89,46,6,42,23,25,75,47,49,59,,,,,,,,,,,,,,
34,-1,4,32,-1,-1,78,-1,-1,-1,96,-1,37,66,-1,82,13,76,9,24,-1,-1,-1,60,-1,43,-1,7,-1,-1,28,-1,88,-1,-1,-1,-1,-1,69,35,80,31,90,84,79,45,64,85,81,-1,-1,-1,-1,-1,-1,-1,-1,-1,-1,-1,-1,-1,-1,-1,-1,-1,-1,-1,-1,-1,-1,15,94,27,39,93,44,18,95,99,58,50,97,12,22,63,36,5,38,87,20,67,77,68,65,57,48,10,2,11,71,91,33,61,26,92,1,16,73,19,17,41,29,70,40,74,54,55,3,21,8,75,25,59,89,62,23,30,6,72,83,100,49,42,46,47,14,51,86,52,98,53,56
52,85,45,98,81,86,62,51,53,80,64,56,14,35,47,100,25,28,46,30,59,31,42,75,84,90,13,6,39,23,49,83,79,69,7,72,89,76,15,9,43,88,24,60,96,66,37,82,22,78,74,41,87,50,3,36,29,63,12,70,55,44,77,91,1,65,11,2,33,61,10,71,48,92,26,68,16,20,19,73,5,38,57,17,67,40,93,58,54,18,21,8,94,99,97,95,-1,27,-1,-1,-1,-1,-1,-1,-1,-1,-1,-1,-1,-1,-1,-1,-1,-1,-1,-1,-1,-1,-1,-1,-1,-1,-1,-1,-1,-1,-1,-1,-1,-1,-1,-1,-1,-1,-1,-1,-1,-1,34,32,-1,-1,4
40,58,97,44,99,55,22,87,70,95,8,75,100,41,74,23,17,15,89,12,94,21,50,3,1,36,54,61,16,11,38,91,77,92,33,26,2,48,71,10,68,65,57,67,73,20,5,29,19,63,56,64,62,14,69,52,18,31,88,13,79,27,84,90,93,45,39,35,60,46,30,66,72,6,49,83,42,59,47,25,51,32,-1,86,98,53,-1,81,-1,-1,85,-1,-1,-1,-1,-1,-1,-1,-1,80,-1,28,-1,-1,43,7,24,82,76,96,9,37,-1,-1,-1,-1,-1,-1,34,78,4,,,,,,,,,,,,,,,,,,,,,,
11,71,2,91,10,61,26,92,48,33,68,65,57,1,77,36,16,19,38,73,5,67,29,17,20,12,50,74,70,41,22,87,40,63,58,55,3,99,97,95,44,54,27,18,8,93,89,15,21,23,100,6,94,39,83,46,30,72,75,49,42,59,47,86,62,53,25,51,14,56,52,81,85,98,79,88,90,80,84,64,69,28,35,31,45,7,60,43,66,13,76,82,24,37,32,9,96,78,4,34,,,,,,,,,,,,,,,,,,,,,,,,,,,,,,,,,,,,,,,,,,,
90,14,43,84,64,53,79,69,80,86,98,85,56,31,62,35,88,45,7,28,82,25,52,24,81,60,96,75,37,76,66,15,9,49,83,23,46,47,72,42,100,51,32,59,78,13,4,-1,34,-1,-1,-1,-1,55,97,87,3,-1,74,99,40,18,29,27,36,26,67,16,20,73,57,2,61,33,92,10,65,71,11,68,48,91,77,1,38,50,19,41,70,5,12,17,93,63,22,54,21,8,89,95,58,44,94,30,39,6,,,,,,,,,,,,,,,,,,,,,,,,,,,,,,,,,,,,,
13,43,69,28,60,9,88,7,35,78,24,45,76,80,64,66,90,79,31,84,56,82,14,37,96,85,62,4,98,34,-1,-1,32,-1,-1,-1,-1,25,51,52,86,53,47,81,-1,-1,-1,-1,-1,-1,-1,-1,-1,-1,-1,-1,-1,-1,-1,-1,-1,-1,-1,3,55,8,44,99,95,54,21,41,29,74,63,67,73,38,26,65,16,77,61,2,71,33,68,91,10,11,92,48,57,19,17,1,36,50,5,20,40,87,22,12,70,93,18,58,39,97,23,6,94,15,46,89,83,59,27,42,49,30,100,72,75,,,,,,,,,,,,,,,,,,
66,32,82,9,96,4,43,13,76,24,34,37,-1,-1,60,28,7,78,80,-1,-1,-1,-1,69,88,-1,45,-1,-1,31,79,90,35,-1,-1,-1,-1,-1,-1,-1,84,-1,85,14,64,81,-1,56,-1,-1,-1,-1,-1,-1,-1,-1,-1,-1,-1,-1,-1,-1,-1,-1,-1,-1,-1,-1,-1,-1,8,99,44,94,18,95,39,54,93,5,22,67,19,20,87,73,1,26,16,61,91,57,33,2,11,71,10,48,77,92,68,65,38,17,63,12,41,29,50,36,70,40,74,58,97,3,55,23,21,27,15,72,49,30,6,89,83,100,42,59,75,46,47,25,62,86,51,52,53,98,,,
