5.000000,9.000000,8.000000,12.000000,9.000000,11.000000,12.000000,10.000000,2.000000,4.000000,2.000000,3.000000,4.000000,0.000000,3.000000,4.000000,1.000000,1.000000,0.000000,0.000000,0.000000,0.000000,0.000000,0.000000,0.000000,0.000000,0.000000,0.000000,0.000000,0.000000,0.000000,0.000000,0.000000,0.000000,0.000000,0.000000,0.000000,0.000000,0.000000,0.000000,0.000000,0.000000,0.000000,0.000000,0.000000,0.000000,0.000000,0.000000,0.000000,0.000000,0.000000,0.000000,0.000000,0.000000,0.000000,0.000000,0.000000,0.000000,0.000000,0.000000,0.000000,0.000000,0.000000,0.000000,0.000000,0.000000,0.000000,0.000000,0.000000,0.000000,0.000000,0.000000,0.000000,0.000000,0.000000,0.000000,0.000000,0.000000,0.000000,0.000000,0.000000,0.000000,0.000000,0.000000,0.000000,0.000000,0.000000,0.000000,0.000000,0.000000,0.000000,0.000000,0.000000,0.000000,0.000000,0.000000,0.000000,0.000000,0.000000,0.000000,582.000000,5.820000
1.000000,4.000000,3.000000,3.000000,4.000000,3.000000,1.000000,1.000000,1.000000,5.000000,1.000000,1.000000,1.000000,3.000000,2.000000,0.000000,2.000000,1.000000,0.000000,1.000000,3.000000,1.000000,3.000000,0.000000,1.000000,3.000000,4.000000,1.000000,0.000000,0.000000,1.000000,2.000000,1.000000,1.000000,1.000000,3.000000,1.000000,3.000000,2.000000,3.000000,1.000000,4.000000,1.000000,4.000000,0.000000,2.000000,5.000000,1.000000,2.000000,0.000000,0.000000,0.000000,0.000000,4.000000,0.000000,0.000000,0.000000,0.000000,3.000000,0.000000,1.000000,0.000000,0.000000,0.000000,0.000000,0.000000,0.000000,0.000000,0.000000,0.000000,0.000000,0.000000,0.000000,0.000000,0.000000,0.000000,0.000000,0.000000,0.000000,0.000000,0.000000,0.000000,0.000000,0.000000,0.000000,0.000000,0.000000,0.000000,0.000000,0.000000,0.000000,0.000000,0.000000,0.000000,0.000000,0.000000,0.000000,0.000000,0.000000,0.000000,2624.000000,3.814952
2.000000,4.000000,2.000000,2.000000,1.000000,0.000000,1.000000,0.000000,0.000000,1.000000,0.000000,0.000000,1.000000,1.000000,3.000000,0.000000,0.000000,1.000000,0.000000,0.000000,0.000000,1.000000,1.000000,3.000000,0.000000,1.000000,2.000000,1.000000,3.000000,0.000000,1.000000,2.000000,0.000000,0.000000,0.000000,2.000000,2.000000,1.000000,0.000000,2.000000,2.000000,4.000000,3.000000,4.000000,1.000000,2.000000,4.000000,2.000000,2.000000,0.000000,1.000000,2.000000,2.000000,3.000000,1.000000,1.000000,1.000000,2.000000,3.000000,0.000000,4.000000,1.000000,2.000000,3.000000,2.000000,0.000000,0.000000,0.000000,2.000000,0.000000,0.000000,0.000000,0.000000,1.000000,0.000000,0.000000,2.000000,0.000000,0.000000,0.000000,0.000000,1.000000,1.000000,0.000000,0.000000,0.000000,0.000000,0.000000,0.000000,0.000000,0.000000,0.000000,0.000000,0.000000,0.000000,0.000000,0.000000,0.000000,0.000000,0.000000,3950.000000,5.742782
2.000000,2.000000,2.000000,0.000000,1.000000,0.000000,0.000000,0.000000,0.000000,2.000000,3.000000,1.000000,3.000000,1.000000,7.000000,4.000000,3.000000,6.000000,4.000000,9.000000,2.000000,3.000000,2.000000,0.000000,3.000000,2.000000,3.000000,7.000000,4.000000,7.000000,3.000000,3.000000,3.000000,0.000000,0.000000,1.000000,3.000000,1.000000,1.000000,0.000000,1.000000,0.000000,0.000000,1.000000,0.000000,0.000000,0.000000,0.000000,0.000000,0.000000,0.000000,0.000000,0.000000,0.000000,0.000000,0.000000,0.000000,0.000000,0.000000,0.000000,0.000000,0.000000,0.000000,0.000000,0.000000,0.000000,0.000000,0.000000,0.000000,0.000000,0.000000,0.000000,0.000000,0.000000,0.000000,0.000000,0.000000,0.000000,0.000000,0.000000,0.000000,0.000000,0.000000,0.000000,0.000000,0.000000,0.000000,0.000000,0.000000,0.000000,0.000000,0.000000,0.000000,0.000000,0.000000,0.000000,0.000000,0.000000,0.000000,0.000000,2100.000000,3.053124
7.000000,5.000000,6.000000,1.000000,1.000000,1.000000,1.000000,1.000000,1.000000,0.000000,0.000000,0.000000,1.000000,0.000000,0.000000,2.000000,0.000000,1.000000,0.000000,2.000000,2.000000,0.000000,1.000000,0.000000,1.000000,1.000000,0.000000,4.000000,0.000000,0.000000,1.000000,2.000000,1.000000,3.000000,4.000000,1.000000,1.000000,4.000000,6.000000,5.000000,2.000000,3.000000,3.000000,3.000000,4.000000,2.000000,1.000000,0.000000,0.000000,4.000000,1.000000,1.000000,0.000000,1.000000,0.000000,1.000000,0.000000,1.000000,1.000000,0.000000,1.000000,0.000000,2.000000,0.000000,0.000000,0.000000,1.000000,1.000000,0.000000,0.000000,0.000000,0.000000,0.000000,0.000000,0.000000,0.000000,0.000000,0.000000,0.000000,0.000000,0.000000,0.000000,0.000000,0.000000,0.000000,0.000000,0.000000,0.000000,0.000000,0.000000,0.000000,0.000000,0.000000,0.000000,0.000000,0.000000,0.000000,0.000000,0.000000,0.000000,2974.000000,4.323806
0.000000,0.000000,0.000000,1.000000,0.000000,1.000000,0.000000,0.000000,1.000000,1.000000,0.000000,3.000000,2.000000,1.000000,2.000000,0.000000,2.000000,2.000000,3.000000,0.000000,3.000000,3.000000,4.000000,3.000000,5.000000,3.000000,2.000000,1.000000,0.000000,2.000000,2.000000,2.000000,5.000000,4.000000,4.000000,1.000000,2.000000,1.000000,2.000000,0.000000,1.000000,5.000000,0.000000,0.000000,1.000000,0.000000,0.000000,0.000000,0.000000,0.000000,0.000000,1.000000,0.000000,0.000000,1.000000,1.000000,0.000000,1.000000,0.000000,0.000000,0.000000,0.000000,0.000000,0.000000,1.000000,0.000000,0.000000,2.000000,4.000000,1.000000,1.000000,1.000000,0.000000,0.000000,1.000000,2.000000,0.000000,2.000000,0.000000,0.000000,0.000000,0.000000,0.000000,0.000000,1.000000,1.000000,0.000000,0.000000,1.000000,0.000000,0.000000,0.000000,0.000000,1.000000,1.000000,1.000000,0.000000,0.000000,0.000000,0.000000,3728.000000,5.420023
3.000000,2.000000,1.000000,1.000000,7.000000,2.000000,5.000000,2.000000,8.000000,5.000000,8.000000,4.000000,5.000000,6.000000,6.000000,1.000000,7.000000,2.000000,4.000000,6.000000,4.000000,1.000000,0.000000,0.000000,0.000000,2.000000,5.000000,1.000000,1.000000,1.000000,0.000000,0.000000,0.000000,0.000000,0.000000,0.000000,0.000000,0.000000,0.000000,0.000000,0.000000,0.000000,0.000000,0.000000,0.000000,0.000000,0.000000,0.000000,0.000000,0.000000,0.000000,0.000000,0.000000,0.000000,0.000000,0.000000,0.000000,0.000000,0.000000,0.000000,0.000000,0.000000,0.000000,0.000000,0.000000,0.000000,0.000000,0.000000,0.000000,0.000000,0.000000,0.000000,0.000000,0.000000,0.000000,0.000000,0.000000,0.000000,0.000000,0.000000,0.000000,0.000000,0.000000,0.000000,0.000000,0.000000,0.000000,0.000000,0.000000,0.000000,0.000000,0.000000,0.000000,0.000000,0.000000,0.000000,0.000000,0.000000,0.000000,0.000000,1256.000000,1.826059
1.000000,6.000000,5.000000,4.000000,9.000000,6.000000,8.000000,11.000000,11.000000,11.000000,5.000000,5.000000,9.000000,3.000000,1.000000,3.000000,1.000000,1.000000,0.000000,0.000000,0.000000,0.000000,0.000000,0.000000,0.000000,0.000000,0.000000,0.000000,0.000000,0.000000,0.000000,0.000000,0.000000,0.000000,0.000000,0.000000,0.000000,0.000000,0.000000,0.000000,0.000000,0.000000,0.000000,0.000000,0.000000,0.000000,0.000000,0.000000,0.000000,0.000000,0.000000,0.000000,0.000000,0.000000,0.000000,0.000000,0.000000,0.000000,0.000000,0.000000,0.000000,0.000000,0.000000,0.000000,0.000000,0.000000,0.000000,0.000000,0.000000,0.000000,0.000000,0.000000,0.000000,0.000000,0.000000,0.000000,0.000000,0.000000,0.000000,0.000000,0.000000,0.000000,0.000000,0.000000,0.000000,0.000000,0.000000,0.000000,0.000000,0.000000,0.000000,0.000000,0.000000,0.000000,0.000000,0.000000,0.000000,0.000000,0.000000,0.000000,750.000000,1.090402
53.000000,38.000000,6.000000,2.000000,0.000000,0.000000,0.000000,0.000000,1.000000,0.000000,0.000000,0.000000,0.000000,0.000000,0.000000,0.000000,0.000000,0.000000,0.000000,0.000000,0.000000,0.000000,0.000000,0.000000,0.000000,0.000000,0.000000,0.000000,0.000000,0.000000,0.000000,0.000000,0.000000,0.000000,0.000000,0.000000,0.000000,0.000000,0.000000,0.000000,0.000000,0.000000,0.000000,0.000000,0.000000,0.000000,0.000000,0.000000,0.000000,0.000000,0.000000,0.000000,0.000000,0.000000,0.000000,0.000000,0.000000,0.000000,0.000000,0.000000,0.000000,0.000000,0.000000,0.000000,0.000000,0.000000,0.000000,0.000000,0.000000,0.000000,0.000000,0.000000,0.000000,0.000000,0.000000,0.000000,0.000000,0.000000,0.000000,0.000000,0.000000,0.000000,0.000000,0.000000,0.000000,0.000000,0.000000,0.000000,0.000000,0.000000,0.000000,0.000000,0.000000,0.000000,0.000000,0.000000,0.000000,0.000000,0.000000,0.000000,64.000000,0.093048
80.000000,18.000000,2.000000,0.000000,0.000000,0.000000,0.000000,0.000000,0.000000,0.000000,0.000000,0.000000,0.000000,0.000000,0.000000,0.000000,0.000000,0.000000,0.000000,0.000000,0.000000,0.000000,0.000000,0.000000,0.000000,0.000000,0.000000,0.000000,0.000000,0.000000,0.000000,0.000000,0.000000,0.000000,0.000000,0.000000,0.000000,0.000000,0.000000,0.000000,0.000000,0.000000,0.000000,0.000000,0.000000,0.000000,0.000000,0.000000,0.000000,0.000000,0.000000,0.000000,0.000000,0.000000,0.000000,0.000000,0.000000,0.000000,0.000000,0.000000,0.000000,0.000000,0.000000,0.000000,0.000000,0.000000,0.000000,0.000000,0.000000,0.000000,0.000000,0.000000,0.000000,0.000000,0.000000,0.000000,0.000000,0.000000,0.000000,0.000000,0.000000,0.000000,0.000000,0.000000,0.000000,0.000000,0.000000,0.000000,0.000000,0.000000,0.000000,0.000000,0.000000,0.000000,0.000000,0.000000,0.000000,0.000000,0.000000,0.000000,22.000000,0.031985
3.000000,0.000000,0.000000,0.000000,0.000000,0.000000,0.000000,0.000000,0.000000,1.000000,0.000000,1.000000,2.000000,0.000000,0.000000,0.000000,0.000000,0.000000,0.000000,0.000000,3.000000,1.000000,1.000000,0.000000,0.000000,0.000000,3.000000,1.000000,0.000000,3.000000,0.000000,2.000000,2.000000,1.000000,0.000000,1.000000,0.000000,2.000000,2.000000,0.000000,1.000000,0.000000,4.000000,3.000000,3.000000,2.000000,8.000000,3.000000,3.000000,3.000000,3.000000,0.000000,1.000000,2.000000,2.000000,1.000000,2.000000,8.000000,4.000000,4.000000,2.000000,1.000000,1.000000,0.000000,1.000000,0.000000,0.000000,0.000000,2.000000,0.000000,0.000000,0.000000,0.000000,0.000000,0.000000,1.000000,0.000000,0.000000,0.000000,0.000000,0.000000,1.000000,0.000000,1.000000,1.000000,1.000000,0.000000,0.000000,0.000000,0.000000,0.000000,0.000000,1.000000,0.000000,0.000000,0.000000,1.000000,0.000000,0.000000,0.000000,4588.000000,6.670350
5.000000,7.000000,13.000000,9.000000,11.000000,16.000000,10.000000,11.000000,4.000000,3.000000,7.000000,1.000000,1.000000,0.000000,0.000000,0.000000,1.000000,0.000000,0.000000,0.000000,0.000000,1.000000,0.000000,0.000000,0.000000,0.000000,0.000000,0.000000,0.000000,0.000000,0.000000,0.000000,0.000000,0.000000,0.000000,0.000000,0.000000,0.000000,0.000000,0.000000,0.000000,0.000000,0.000000,0.000000,0.000000,0.000000,0.000000,0.000000,0.000000,0.000000,0.000000,0.000000,0.000000,0.000000,0.000000,0.000000,0.000000,0.000000,0.000000,0.000000,0.000000,0.000000,0.000000,0.000000,0.000000,0.000000,0.000000,0.000000,0.000000,0.000000,0.000000,0.000000,0.000000,0.000000,0.000000,0.000000,0.000000,0.000000,0.000000,0.000000,0.000000,0.000000,0.000000,0.000000,0.000000,0.000000,0.000000,0.000000,0.000000,0.000000,0.000000,0.000000,0.000000,0.000000,0.000000,0.000000,0.000000,0.000000,0.000000,0.000000,510.000000,0.741473
7.000000,9.000000,0.000000,1.000000,1.000000,2.000000,1.000000,0.000000,0.000000,3.000000,0.000000,0.000000,0.000000,0.000000,0.000000,0.000000,2.000000,1.000000,0.000000,0.000000,0.000000,0.000000,2.000000,2.000000,7.000000,0.000000,1.000000,0.000000,2.000000,1.000000,0.000000,3.000000,2.000000,0.000000,1.000000,1.000000,0.000000,3.000000,5.000000,2.000000,3.000000,2.000000,1.000000,0.000000,3.000000,5.000000,2.000000,2.000000,2.000000,2.000000,3.000000,3.000000,0.000000,2.000000,1.000000,0.000000,1.000000,0.000000,0.000000,0.000000,0.000000,0.000000,0.000000,0.000000,0.000000,4.000000,0.000000,0.000000,1.000000,0.000000,0.000000,1.000000,2.000000,0.000000,0.000000,1.000000,0.000000,0.000000,0.000000,0.000000,0.000000,0.000000,0.000000,0.000000,0.000000,0.000000,0.000000,0.000000,0.000000,0.000000,0.000000,0.000000,0.000000,0.000000,0.000000,0.000000,0.000000,0.000000,0.000000,0.000000,3200.000000,4.652380
2.000000,1.000000,3.000000,2.000000,1.000000,0.000000,1.000000,0.000000,1.000000,1.000000,0.000000,1.000000,1.000000,0.000000,1.000000,0.000000,2.000000,0.000000,3.000000,2.000000,1.000000,0.000000,1.000000,1.000000,3.000000,0.000000,3.000000,2.000000,0.000000,0.000000,0.000000,1.000000,1.000000,0.000000,1.000000,0.000000,2.000000,2.000000,2.000000,0.000000,1.000000,2.000000,5.000000,4.000000,6.000000,0.000000,2.000000,0.000000,1.000000,1.000000,3.000000,3.000000,0.000000,1.000000,2.000000,3.000000,7.000000,2.000000,2.000000,1.000000,0.000000,0.000000,0.000000,0.000000,0.000000,2.000000,0.000000,0.000000,3.000000,1.000000,0.000000,2.000000,0.000000,0.000000,0.000000,0.000000,1.000000,0.000000,0.000000,0.000000,0.000000,0.000000,0.000000,1.000000,0.000000,0.000000,0.000000,0.000000,0.000000,2.000000,0.000000,0.000000,0.000000,0.000000,0.000000,0.000000,0.000000,0.000000,0.000000,0.000000,3938.000000,5.725335
2.000000,1.000000,3.000000,0.000000,5.000000,4.000000,3.000000,6.000000,2.000000,8.000000,5.000000,9.000000,5.000000,9.000000,8.000000,5.000000,8.000000,9.000000,0.000000,2.000000,0.000000,1.000000,2.000000,0.000000,2.000000,0.000000,1.000000,0.000000,0.000000,0.000000,0.000000,0.000000,0.000000,0.000000,0.000000,0.000000,0.000000,0.000000,0.000000,0.000000,0.000000,0.000000,0.000000,0.000000,0.000000,0.000000,0.000000,0.000000,0.000000,0.000000,0.000000,0.000000,0.000000,0.000000,0.000000,0.000000,0.000000,0.000000,0.000000,0.000000,0.000000,0.000000,0.000000,0.000000,0.000000,0.000000,0.000000,0.000000,0.000000,0.000000,0.000000,0.000000,0.000000,0.000000,0.000000,0.000000,0.000000,0.000000,0.000000,0.000000,0.000000,0.000000,0.000000,0.000000,0.000000,0.000000,0.000000,0.000000,0.000000,0.000000,0.000000,0.000000,0.000000,0.000000,0.000000,0.000000,0.000000,0.000000,0.000000,0.000000,1166.000000,1.695211
1.000000,4.000000,2.000000,1.000000,1.000000,1.000000,0.000000,0.000000,0.000000,0.000000,0.000000,0.000000,0.000000,0.000000,0.000000,0.000000,0.000000,1.000000,0.000000,1.000000,0.000000,0.000000,1.000000,0.000000,0.000000,2.000000,1.000000,4.000000,2.000000,2.000000,3.000000,3.000000,5.000000,5.000000,4.000000,0.000000,1.000000,2.000000,1.000000,0.000000,3.000000,1.000000,0.000000,2.000000,1.000000,1.000000,2.000000,1.000000,4.000000,3.000000,2.000000,1.000000,1.000000,0.000000,1.000000,1.000000,3.000000,2.000000,1.000000,1.000000,0.000000,0.000000,1.000000,1.000000,1.000000,1.000000,0.000000,1.000000,2.000000,3.000000,0.000000,0.000000,1.000000,2.000000,0.000000,1.000000,0.000000,1.000000,2.000000,0.000000,0.000000,0.000000,0.000000,0.000000,0.000000,0.000000,1.000000,0.000000,0.000000,0.000000,1.000000,0.000000,0.000000,0.000000,0.000000,0.000000,1.000000,1.000000,0.000000,0.000000,4252.000000,6.181850
60.000000,26.000000,13.000000,0.000000,1.000000,0.000000,0.000000,0.000000,0.000000,0.000000,0.000000,0.000000,0.000000,0.000000,0.000000,0.000000,0.000000,0.000000,0.000000,0.000000,0.000000,0.000000,0.000000,0.000000,0.000000,0.000000,0.000000,0.000000,0.000000,0.000000,0.000000,0.000000,0.000000,0.000000,0.000000,0.000000,0.000000,0.000000,0.000000,0.000000,0.000000,0.000000,0.000000,0.000000,0.000000,0.000000,0.000000,0.000000,0.000000,0.000000,0.000000,0.000000,0.000000,0.000000,0.000000,0.000000,0.000000,0.000000,0.000000,0.000000,0.000000,0.000000,0.000000,0.000000,0.000000,0.000000,0.000000,0.000000,0.000000,0.000000,0.000000,0.000000,0.000000,0.000000,0.000000,0.000000,0.000000,0.000000,0.000000,0.000000,0.000000,0.000000,0.000000,0.000000,0.000000,0.000000,0.000000,0.000000,0.000000,0.000000,0.000000,0.000000,0.000000,0.000000,0.000000,0.000000,0.000000,0.000000,0.000000,0.000000,56.000000,0.081417
5.000000,4.000000,14.000000,10.000000,9.000000,7.000000,7.000000,9.000000,12.000000,9.000000,8.000000,2.000000,1.000000,1.000000,1.000000,0.000000,1.000000,0.000000,0.000000,0.000000,0.000000,0.000000,0.000000,0.000000,0.000000,0.000000,0.000000,0.000000,0.000000,0.000000,0.000000,0.000000,0.000000,0.000000,0.000000,0.000000,0.000000,0.000000,0.000000,0.000000,0.000000,0.000000,0.000000,0.000000,0.000000,0.000000,0.000000,0.000000,0.000000,0.000000,0.000000,0.000000,0.000000,0.000000,0.000000,0.000000,0.000000,0.000000,0.000000,0.000000,0.000000,0.000000,0.000000,0.000000,0.000000,0.000000,0.000000,0.000000,0.000000,0.000000,0.000000,0.000000,0.000000,0.000000,0.000000,0.000000,0.000000,0.000000,0.000000,0.000000,0.000000,0.000000,0.000000,0.000000,0.000000,0.000000,0.000000,0.000000,0.000000,0.000000,0.000000,0.000000,0.000000,0.000000,0.000000,0.000000,0.000000,0.000000,0.000000,0.000000,572.000000,0.831613
1.000000,0.000000,5.000000,1.000000,2.000000,2.000000,0.000000,3.000000,3.000000,0.000000,1.000000,1.000000,1.000000,2.000000,4.000000,0.000000,2.000000,1.000000,8.000000,2.000000,3.000000,5.000000,2.000000,3.000000,3.000000,6.000000,2.000000,0.000000,1.000000,0.000000,3.000000,0.000000,3.000000,1.000000,1.000000,3.000000,1.000000,1.000000,1.000000,0.000000,0.000000,0.000000,1.000000,3.000000,0.000000,0.000000,0.000000,0.000000,0.000000,0.000000,0.000000,0.000000,0.000000,0.000000,0.000000,0.000000,0.000000,0.000000,0.000000,0.000000,0.000000,3.000000,0.000000,1.000000,0.000000,0.000000,1.000000,0.000000,0.000000,1.000000,2.000000,1.000000,0.000000,0.000000,0.000000,1.000000,1.000000,0.000000,0.000000,2.000000,0.000000,1.000000,1.000000,0.000000,0.000000,0.000000,0.000000,0.000000,1.000000,1.000000,0.000000,0.000000,0.000000,1.000000,0.000000,0.000000,0.000000,0.000000,0.000000,0.000000,2976.000000,4.326713
2.000000,4.000000,0.000000,4.000000,3.000000,2.000000,5.000000,4.000000,2.000000,6.000000,8.000000,5.000000,3.000000,4.000000,3.000000,0.000000,7.000000,1.000000,4.000000,3.000000,4.000000,3.000000,6.000000,6.000000,6.000000,0.000000,2.000000,0.000000,1.000000,0.000000,0.000000,1.000000,0.000000,1.000000,0.000000,0.000000,0.000000,0.000000,0.000000,0.000000,0.000000,0.000000,0.000000,0.000000,0.000000,0.000000,0.000000,0.000000,0.000000,0.000000,0.000000,0.000000,0.000000,0.000000,0.000000,0.000000,0.000000,0.000000,0.000000,0.000000,0.000000,0.000000,0.000000,0.000000,0.000000,0.000000,0.000000,0.000000,0.000000,0.000000,0.000000,0.000000,0.000000,0.000000,0.000000,0.000000,0.000000,0.000000,0.000000,0.000000,0.000000,0.000000,0.000000,0.000000,0.000000,0.000000,0.000000,0.000000,0.000000,0.000000,0.000000,0.000000,0.000000,0.000000,0.000000,0.000000,0.000000,0.000000,0.000000,0.000000,1390.000000,2.020878
0.000000,2.000000,1.000000,2.000000,2.000000,0.000000,0.000000,1.000000,2.000000,1.000000,0.000000,1.000000,0.000000,0.000000,0.000000,0.000000,0.000000,0.000000,0.000000,0.000000,0.000000,1.000000,0.000000,2.000000,1.000000,0.000000,0.000000,0.000000,1.000000,1.000000,3.000000,4.000000,6.000000,4.000000,4.000000,2.000000,2.000000,1.000000,2.000000,1.000000,0.000000,2.000000,1.000000,4.000000,4.000000,2.000000,0.000000,1.000000,1.000000,4.000000,0.000000,0.000000,3.000000,2.000000,2.000000,1.000000,1.000000,0.000000,1.000000,0.000000,2.000000,1.000000,0.000000,0.000000,2.000000,2.000000,2.000000,0.000000,2.000000,1.000000,2.000000,1.000000,2.000000,0.000000,0.000000,3.000000,0.000000,1.000000,0.000000,0.000000,0.000000,1.000000,0.000000,0.000000,0.000000,0.000000,0.000000,1.000000,1.000000,0.000000,0.000000,0.000000,0.000000,0.000000,0.000000,0.000000,0.000000,0.000000,0.000000,0.000000,4258.000000,6.190573
1.000000,4.000000,2.000000,2.000000,2.000000,1.000000,4.000000,3.000000,5.000000,4.000000,3.000000,6.000000,1.000000,10.000000,7.000000,3.000000,1.000000,4.000000,5.000000,7.000000,4.000000,4.000000,2.000000,4.000000,3.000000,2.000000,1.000000,2.000000,2.000000,0.000000,0.000000,0.000000,1.000000,0.000000,0.000000,0.000000,0.000000,0.000000,0.000000,0.000000,0.000000,0.000000,0.000000,0.000000,0.000000,0.000000,0.000000,0.000000,0.000000,0.000000,0.000000,0.000000,0.000000,0.000000,0.000000,0.000000,0.000000,0.000000,0.000000,0.000000,0.000000,0.000000,0.000000,0.000000,0.000000,0.000000,0.000000,0.000000,0.000000,0.000000,0.000000,0.000000,0.000000,0.000000,0.000000,0.000000,0.000000,0.000000,0.000000,0.000000,0.000000,0.000000,0.000000,0.000000,0.000000,0.000000,0.000000,0.000000,0.000000,0.000000,0.000000,0.000000,0.000000,0.000000,0.000000,0.000000,0.000000,0.000000,0.000000,0.000000,1426.000000,2.073217
1.000000,3.000000,2.000000,0.000000,2.000000,1.000000,2.000000,0.000000,0.000000,1.000000,0.000000,0.000000,1.000000,1.000000,2.000000,0.000000,0.000000,1.000000,1.000000,0.000000,1.000000,0.000000,0.000000,4.000000,2.000000,1.000000,2.000000,0.000000,1.000000,2.000000,0.000000,2.000000,1.000000,1.000000,0.000000,2.000000,1.000000,2.000000,3.000000,0.000000,2.000000,0.000000,2.000000,3.000000,8.000000,2.000000,3.000000,1.000000,1.000000,2.000000,0.000000,1.000000,0.000000,1.000000,3.000000,4.000000,3.000000,1.000000,4.000000,1.000000,2.000000,1.000000,0.000000,0.000000,1.000000,1.000000,1.000000,0.000000,1.000000,1.000000,0.000000,0.000000,0.000000,1.000000,0.000000,0.000000,2.000000,2.000000,1.000000,0.000000,0.000000,0.000000,0.000000,0.000000,0.000000,1.000000,0.000000,0.000000,0.000000,0.000000,0.000000,0.000000,0.000000,0.000000,0.000000,0.000000,0.000000,0.000000,0.000000,0.000000,3996.000000,5.809660
7.000000,5.000000,2.000000,4.000000,6.000000,1.000000,2.000000,1.000000,0.000000,1.000000,0.000000,1.000000,0.000000,1.000000,0.000000,1.000000,1.000000,2.000000,4.000000,1.000000,1.000000,2.000000,0.000000,0.000000,1.000000,2.000000,1.000000,1.000000,1.000000,0.000000,0.000000,0.000000,1.000000,1.000000,3.000000,1.000000,5.000000,4.000000,5.000000,2.000000,2.000000,5.000000,3.000000,0.000000,3.000000,1.000000,2.000000,2.000000,0.000000,0.000000,1.000000,2.000000,1.000000,2.000000,0.000000,0.000000,1.000000,0.000000,0.000000,0.000000,0.000000,1.000000,3.000000,0.000000,0.000000,0.000000,0.000000,0.000000,0.000000,0.000000,0.000000,0.000000,0.000000,0.000000,0.000000,0.000000,0.000000,0.000000,0.000000,0.000000,0.000000,0.000000,0.000000,0.000000,0.000000,0.000000,0.000000,0.000000,0.000000,0.000000,0.000000,0.000000,0.000000,0.000000,0.000000,0.000000,0.000000,0.000000,0.000000,0.000000,2660.000000,3.867291
0.000000,4.000000,5.000000,1.000000,4.000000,4.000000,7.000000,6.000000,3.000000,3.000000,7.000000,5.000000,6.000000,6.000000,3.000000,3.000000,2.000000,1.000000,8.000000,6.000000,7.000000,3.000000,3.000000,1.000000,0.000000,0.000000,0.000000,0.000000,1.000000,1.000000,0.000000,0.000000,0.000000,0.000000,0.000000,0.000000,0.000000,0.000000,0.000000,0.000000,0.000000,0.000000,0.000000,0.000000,0.000000,0.000000,0.000000,0.000000,0.000000,0.000000,0.000000,0.000000,0.000000,0.000000,0.000000,0.000000,0.000000,0.000000,0.000000,0.000000,0.000000,0.000000,0.000000,0.000000,0.000000,0.000000,0.000000,0.000000,0.000000,0.000000,0.000000,0.000000,0.000000,0.000000,0.000000,0.000000,0.000000,0.000000,0.000000,0.000000,0.000000,0.000000,0.000000,0.000000,0.000000,0.000000,0.000000,0.000000,0.000000,0.000000,0.000000,0.000000,0.000000,0.000000,0.000000,0.000000,0.000000,0.000000,0.000000,0.000000,1206.000000,1.753366
0.000000,4.000000,1.000000,0.000000,2.000000,2.000000,1.000000,1.000000,1.000000,3.000000,2.000000,6.000000,2.000000,4.000000,0.000000,2.000000,1.000000,1.000000,3.000000,0.000000,1.000000,4.000000,4.000000,1.000000,1.000000,1.000000,0.000000,2.000000,1.000000,1.000000,5.000000,5.000000,5.000000,1.000000,3.000000,5.000000,4.000000,4.000000,0.000000,3.000000,3.000000,2.000000,0.000000,0.000000,0.000000,3.000000,0.000000,0.000000,3.000000,1.000000,1.000000,0.000000,0.000000,0.000000,0.000000,0.000000,0.000000,0.000000,0.000000,0.000000,0.000000,0.000000,0.000000,0.000000,0.000000,0.000000,0.000000,0.000000,0.000000,0.000000,0.000000,0.000000,0.000000,0.000000,0.000000,0.000000,0.000000,0.000000,0.000000,0.000000,0.000000,0.000000,0.000000,0.000000,0.000000,0.000000,0.000000,0.000000,0.000000,0.000000,0.000000,0.000000,0.000000,0.000000,0.000000,0.000000,0.000000,0.000000,0.000000,0.000000,2490.000000,3.620133
2.000000,5.000000,9.000000,3.000000,1.000000,0.000000,2.000000,3.000000,1.000000,1.000000,1.000000,0.000000,0.000000,0.000000,0.000000,1.000000,2.000000,2.000000,1.000000,1.000000,0.000000,0.000000,1.000000,0.000000,2.000000,0.000000,0.000000,0.000000,2.000000,0.000000,2.000000,2.000000,3.000000,2.000000,2.000000,3.000000,2.000000,3.000000,4.000000,2.000000,2.000000,4.000000,5.000000,3.000000,0.000000,0.000000,5.000000,3.000000,1.000000,0.000000,0.000000,2.000000,0.000000,1.000000,1.000000,0.000000,1.000000,0.000000,1.000000,0.000000,0.000000,0.000000,0.000000,0.000000,0.000000,0.000000,1.000000,3.000000,0.000000,2.000000,0.000000,0.000000,0.000000,0.000000,0.000000,0.000000,0.000000,0.000000,0.000000,0.000000,0.000000,0.000000,0.000000,0.000000,0.000000,0.000000,0.000000,0.000000,0.000000,0.000000,0.000000,0.000000,0.000000,0.000000,0.000000,0.000000,0.000000,0.000000,0.000000,0.000000,2940.000000,4.274374
7.000000,8.000000,14.000000,12.000000,7.000000,8.000000,8.000000,15.000000,9.000000,7.000000,1.000000,2.000000,1.000000,0.000000,0.000000,0.000000,0.000000,0.000000,1.000000,0.000000,0.000000,0.000000,0.000000,0.000000,0.000000,0.000000,0.000000,0.000000,0.000000,0.000000,0.000000,0.000000,0.000000,0.000000,0.000000,0.000000,0.000000,0.000000,0.000000,0.000000,0.000000,0.000000,0.000000,0.000000,0.000000,0.000000,0.000000,0.000000,0.000000,0.000000,0.000000,0.000000,0.000000,0.000000,0.000000,0.000000,0.000000,0.000000,0.000000,0.000000,0.000000,0.000000,0.000000,0.000000,0.000000,0.000000,0.000000,0.000000,0.000000,0.000000,0.000000,0.000000,0.000000,0.000000,0.000000,0.000000,0.000000,0.000000,0.000000,0.000000,0.000000,0.000000,0.000000,0.000000,0.000000,0.000000,0.000000,0.000000,0.000000,0.000000,0.000000,0.000000,0.000000,0.000000,0.000000,0.000000,0.000000,0.000000,0.000000,0.000000,490.000000,0.712396
1.000000,0.000000,1.000000,0.000000,1.000000,0.000000,3.000000,1.000000,1.000000,0.000000,0.000000,0.000000,0.000000,0.000000,0.000000,1.000000,0.000000,0.000000,0.000000,0.000000,0.000000,0.000000,0.000000,1.000000,0.000000,0.000000,1.000000,0.000000,0.000000,0.000000,0.000000,1.000000,0.000000,5.000000,2.000000,7.000000,1.000000,8.000000,2.000000,1.000000,1.000000,1.000000,3.000000,4.000000,2.000000,1.000000,4.000000,0.000000,1.000000,2.000000,3.000000,2.000000,0.000000,1.000000,0.000000,2.000000,5.000000,3.000000,3.000000,4.000000,1.000000,0.000000,2.000000,0.000000,1.000000,0.000000,1.000000,1.000000,2.000000,2.000000,0.000000,2.000000,1.000000,1.000000,2.000000,0.000000,0.000000,0.000000,0.000000,0.000000,0.000000,1.000000,0.000000,0.000000,0.000000,0.000000,0.000000,0.000000,0.000000,0.000000,1.000000,0.000000,0.000000,1.000000,0.000000,1.000000,0.000000,0.000000,0.000000,0.000000,4626.000000,6.725597
0.000000,1.000000,1.000000,1.000000,1.000000,0.000000,0.000000,0.000000,2.000000,1.000000,3.000000,4.000000,0.000000,0.000000,2.000000,0.000000,1.000000,1.000000,1.000000,1.000000,1.000000,1.000000,2.000000,5.000000,2.000000,5.000000,0.000000,3.000000,4.000000,1.000000,3.000000,0.000000,1.000000,2.000000,1.000000,4.000000,1.000000,0.000000,0.000000,0.000000,1.000000,1.000000,3.000000,0.000000,2.000000,1.000000,0.000000,3.000000,4.000000,1.000000,1.000000,1.000000,0.000000,1.000000,1.000000,0.000000,1.000000,0.000000,0.000000,1.000000,2.000000,0.000000,0.000000,2.000000,1.000000,1.000000,1.000000,0.000000,0.000000,2.000000,0.000000,2.000000,1.000000,1.000000,1.000000,2.000000,0.000000,0.000000,0.000000,0.000000,0.000000,0.000000,0.000000,0.000000,3.000000,1.000000,0.000000,0.000000,0.000000,0.000000,1.000000,0.000000,0.000000,0.000000,0.000000,0.000000,1.000000,0.000000,0.000000,0.000000,3858.000000,5.609026
7.000000,18.000000,14.000000,10.000000,12.000000,8.000000,13.000000,7.000000,2.000000,2.000000,0.000000,5.000000,2.000000,0.000000,0.000000,0.000000,0.000000,0.000000,0.000000,0.000000,0.000000,0.000000,0.000000,0.000000,0.000000,0.000000,0.000000,0.000000,0.000000,0.000000,0.000000,0.000000,0.000000,0.000000,0.000000,0.000000,0.000000,0.000000,0.000000,0.000000,0.000000,0.000000,0.000000,0.000000,0.000000,0.000000,0.000000,0.000000,0.000000,0.000000,0.000000,0.000000,0.000000,0.000000,0.000000,0.000000,0.000000,0.000000,0.000000,0.000000,0.000000,0.000000,0.000000,0.000000,0.000000,0.000000,0.000000,0.000000,0.000000,0.000000,0.000000,0.000000,0.000000,0.000000,0.000000,0.000000,0.000000,0.000000,0.000000,0.000000,0.000000,0.000000,0.000000,0.000000,0.000000,0.000000,0.000000,0.000000,0.000000,0.000000,0.000000,0.000000,0.000000,0.000000,0.000000,0.000000,0.000000,0.000000,0.000000,0.000000,404.000000,0.587363
3.000000,0.000000,2.000000,4.000000,3.000000,6.000000,6.000000,4.000000,3.000000,3.000000,5.000000,9.000000,5.000000,5.000000,4.000000,4.000000,7.000000,9.000000,4.000000,2.000000,4.000000,1.000000,2.000000,3.000000,0.000000,0.000000,0.000000,1.000000,0.000000,1.000000,0.000000,0.000000,0.000000,0.000000,0.000000,0.000000,0.000000,0.000000,0.000000,0.000000,0.000000,0.000000,0.000000,0.000000,0.000000,0.000000,0.000000,0.000000,0.000000,0.000000,0.000000,0.000000,0.000000,0.000000,0.000000,0.000000,0.000000,0.000000,0.000000,0.000000,0.000000,0.000000,0.000000,0.000000,0.000000,0.000000,0.000000,0.000000,0.000000,0.000000,0.000000,0.000000,0.000000,0.000000,0.000000,0.000000,0.000000,0.000000,0.000000,0.000000,0.000000,0.000000,0.000000,0.000000,0.000000,0.000000,0.000000,0.000000,0.000000,0.000000,0.000000,0.000000,0.000000,0.000000,0.000000,0.000000,0.000000,0.000000,0.000000,0.000000,1208.000000,1.756273
3.000000,8.000000,4.000000,2.000000,3.000000,0.000000,3.000000,0.000000,1.000000,0.000000,1.000000,0.000000,0.000000,0.000000,1.000000,1.000000,1.000000,1.000000,0.000000,0.000000,1.000000,0.000000,0.000000,0.000000,1.000000,1.000000,1.000000,3.000000,1.000000,3.000000,2.000000,2.000000,1.000000,2.000000,1.000000,2.000000,3.000000,2.000000,8.000000,2.000000,4.000000,3.000000,0.000000,5.000000,0.000000,6.000000,3.000000,3.000000,2.000000,2.000000,0.000000,0.000000,1.000000,2.000000,0.000000,1.000000,0.000000,1.000000,0.000000,0.000000,0.000000,0.000000,0.000000,0.000000,0.000000,2.000000,0.000000,0.000000,0.000000,0.000000,0.000000,0.000000,0.000000,0.000000,0.000000,0.000000,0.000000,0.000000,0.000000,0.000000,0.000000,0.000000,0.000000,0.000000,0.000000,0.000000,0.000000,0.000000,0.000000,0.000000,0.000000,0.000000,0.000000,0.000000,0.000000,0.000000,0.000000,0.000000,0.000000,0.000000,2952.000000,4.291821
1.000000,2.000000,2.000000,2.000000,1.000000,0.000000,3.000000,1.000000,0.000000,1.000000,1.000000,3.000000,2.000000,2.000000,4.000000,5.000000,2.000000,2.000000,7.000000,8.000000,6.000000,3.000000,3.000000,7.000000,4.000000,1.000000,2.000000,6.000000,2.000000,7.000000,1.000000,2.000000,2.000000,2.000000,1.000000,2.000000,0.000000,0.000000,0.000000,0.000000,0.000000,0.000000,0.000000,0.000000,0.000000,0.000000,0.000000,0.000000,0.000000,0.000000,0.000000,0.000000,0.000000,0.000000,0.000000,0.000000,0.000000,0.000000,0.000000,0.000000,0.000000,0.000000,0.000000,0.000000,0.000000,0.000000,0.000000,0.000000,0.000000,0.000000,0.000000,0.000000,0.000000,0.000000,0.000000,0.000000,0.000000,0.000000,0.000000,0.000000,0.000000,0.000000,0.000000,0.000000,0.000000,0.000000,0.000000,0.000000,0.000000,0.000000,0.000000,0.000000,0.000000,0.000000,0.000000,0.000000,0.000000,0.000000,0.000000,0.000000,1948.000000,2.832136
15.000000,23.000000,10.000000,18.000000,15.000000,8.000000,4.000000,2.000000,2.000000,1.000000,1.000000,0.000000,0.000000,0.000000,1.000000,0.000000,0.000000,0.000000,0.000000,0.000000,0.000000,0.000000,0.000000,0.000000,0.000000,0.000000,0.000000,0.000000,0.000000,0.000000,0.000000,0.000000,0.000000,0.000000,0.000000,0.000000,0.000000,0.000000,0.000000,0.000000,0.000000,0.000000,0.000000,0.000000,0.000000,0.000000,0.000000,0.000000,0.000000,0.000000,0.000000,0.000000,0.000000,0.000000,0.000000,0.000000,0.000000,0.000000,0.000000,0.000000,0.000000,0.000000,0.000000,0.000000,0.000000,0.000000,0.000000,0.000000,0.000000,0.000000,0.000000,0.000000,0.000000,0.000000,0.000000,0.000000,0.000000,0.000000,0.000000,0.000000,0.000000,0.000000,0.000000,0.000000,0.000000,0.000000,0.000000,0.000000,0.000000,0.000000,0.000000,0.000000,0.000000,0.000000,0.000000,0.000000,0.000000,0.000000,0.000000,0.000000,284.000000,0.412899
0.000000,1.000000,0.000000,1.000000,2.000000,0.000000,0.000000,0.000000,2.000000,0.000000,0.000000,1.000000,0.000000,1.000000,0.000000,3.000000,0.000000,0.000000,0.000000,0.000000,0.000000,0.000000,0.000000,0.000000,0.000000,0.000000,0.000000,1.000000,1.000000,1.000000,1.000000,8.000000,4.000000,11.000000,5.000000,1.000000,0.000000,3.000000,2.000000,2.000000,1.000000,1.000000,3.000000,0.000000,0.000000,2.000000,3.000000,3.000000,4.000000,2.000000,2.000000,1.000000,0.000000,1.000000,1.000000,0.000000,3.000000,0.000000,0.000000,3.000000,2.000000,0.000000,0.000000,1.000000,1.000000,0.000000,1.000000,0.000000,1.000000,0.000000,0.000000,0.000000,0.000000,0.000000,0.000000,2.000000,1.000000,1.000000,0.000000,1.000000,1.000000,2.000000,1.000000,1.000000,1.000000,0.000000,0.000000,0.000000,0.000000,0.000000,0.000000,0.000000,1.000000,0.000000,0.000000,0.000000,0.000000,1.000000,0.000000,0.000000,4332.000000,6.298159
2.000000,0.000000,0.000000,0.000000,2.000000,1.000000,2.000000,0.000000,1.000000,0.000000,0.000000,0.000000,0.000000,0.000000,0.000000,0.000000,0.000000,4.000000,0.000000,0.000000,0.000000,0.000000,1.000000,1.000000,0.000000,0.000000,0.000000,0.000000,1.000000,2.000000,2.000000,3.000000,1.000000,3.000000,6.000000,1.000000,3.000000,1.000000,2.000000,3.000000,5.000000,1.000000,0.000000,2.000000,1.000000,1.000000,3.000000,1.000000,3.000000,1.000000,6.000000,3.000000,0.000000,2.000000,2.000000,1.000000,0.000000,4.000000,0.000000,1.000000,2.000000,0.000000,0.000000,0.000000,0.000000,1.000000,2.000000,2.000000,0.000000,1.000000,1.000000,0.000000,0.000000,1.000000,1.000000,1.000000,1.000000,1.000000,0.000000,3.000000,1.000000,1.000000,1.000000,0.000000,0.000000,0.000000,0.000000,0.000000,0.000000,1.000000,0.000000,0.000000,0.000000,0.000000,0.000000,0.000000,0.000000,0.000000,0.000000,0.000000,4430.000000,6.440639
0.000000,2.000000,0.000000,0.000000,0.000000,0.000000,1.000000,2.000000,1.000000,1.000000,0.000000,0.000000,0.000000,3.000000,0.000000,2.000000,0.000000,0.000000,0.000000,0.000000,0.000000,1.000000,1.000000,0.000000,2.000000,1.000000,3.000000,2.000000,5.000000,6.000000,3.000000,4.000000,4.000000,0.000000,2.000000,4.000000,3.000000,2.000000,4.000000,0.000000,1.000000,1.000000,1.000000,1.000000,0.000000,1.000000,2.000000,2.000000,2.000000,0.000000,0.000000,1.000000,1.000000,0.000000,1.000000,0.000000,1.000000,1.000000,2.000000,2.000000,0.000000,0.000000,1.000000,1.000000,1.000000,3.000000,1.000000,3.000000,0.000000,0.000000,1.000000,0.000000,0.000000,0.000000,1.000000,1.000000,1.000000,0.000000,0.000000,1.000000,0.000000,0.000000,0.000000,0.000000,1.000000,0.000000,1.000000,1.000000,1.000000,0.000000,0.000000,0.000000,0.000000,1.000000,0.000000,0.000000,1.000000,0.000000,0.000000,0.000000,4110.000000,5.975401
2.000000,5.000000,4.000000,3.000000,1.000000,0.000000,2.000000,2.000000,2.000000,1.000000,1.000000,0.000000,3.000000,1.000000,1.000000,0.000000,2.000000,0.000000,2.000000,1.000000,1.000000,2.000000,0.000000,1.000000,1.000000,0.000000,1.000000,1.000000,1.000000,4.000000,1.000000,0.000000,2.000000,1.000000,5.000000,10.000000,7.000000,7.000000,5.000000,5.000000,0.000000,0.000000,0.000000,1.000000,0.000000,0.000000,0.000000,0.000000,1.000000,0.000000,1.000000,0.000000,1.000000,1.000000,1.000000,2.000000,1.000000,0.000000,0.000000,0.000000,1.000000,0.000000,0.000000,2.000000,0.000000,0.000000,0.000000,0.000000,0.000000,0.000000,0.000000,0.000000,0.000000,0.000000,0.000000,0.000000,0.000000,0.000000,0.000000,0.000000,0.000000,0.000000,0.000000,0.000000,0.000000,0.000000,0.000000,0.000000,0.000000,0.000000,0.000000,0.000000,0.000000,0.000000,0.000000,0.000000,0.000000,0.000000,0.000000,0.000000,2738.000000,3.980693
2.000000,4.000000,2.000000,0.000000,0.000000,0.000000,0.000000,0.000000,0.000000,0.000000,0.000000,0.000000,0.000000,0.000000,0.000000,0.000000,1.000000,0.000000,0.000000,4.000000,2.000000,1.000000,1.000000,1.000000,1.000000,0.000000,1.000000,0.000000,2.000000,0.000000,1.000000,0.000000,0.000000,2.000000,1.000000,1.000000,1.000000,1.000000,3.000000,2.000000,4.000000,3.000000,9.000000,5.000000,4.000000,1.000000,1.000000,0.000000,1.000000,2.000000,4.000000,4.000000,5.000000,2.000000,3.000000,2.000000,0.000000,1.000000,0.000000,1.000000,3.000000,0.000000,1.000000,1.000000,0.000000,2.000000,0.000000,0.000000,0.000000,0.000000,0.000000,1.000000,2.000000,0.000000,1.000000,0.000000,0.000000,1.000000,0.000000,0.000000,0.000000,0.000000,2.000000,0.000000,0.000000,0.000000,0.000000,0.000000,0.000000,0.000000,0.000000,0.000000,0.000000,0.000000,0.000000,0.000000,0.000000,0.000000,0.000000,0.000000,4154.000000,6.039371
1.000000,0.000000,2.000000,2.000000,3.000000,2.000000,1.000000,3.000000,3.000000,5.000000,3.000000,4.000000,8.000000,15.000000,6.000000,4.000000,4.000000,9.000000,5.000000,1.000000,5.000000,2.000000,1.000000,2.000000,1.000000,3.000000,1.000000,0.000000,1.000000,1.000000,1.000000,0.000000,0.000000,1.000000,0.000000,0.000000,0.000000,0.000000,0.000000,0.000000,0.000000,0.000000,0.000000,0.000000,0.000000,0.000000,0.000000,0.000000,0.000000,0.000000,0.000000,0.000000,0.000000,0.000000,0.000000,0.000000,0.000000,0.000000,0.000000,0.000000,0.000000,0.000000,0.000000,0.000000,0.000000,0.000000,0.000000,0.000000,0.000000,0.000000,0.000000,0.000000,0.000000,0.000000,0.000000,0.000000,0.000000,0.000000,0.000000,0.000000,0.000000,0.000000,0.000000,0.000000,0.000000,0.000000,0.000000,0.000000,0.000000,0.000000,0.000000,0.000000,0.000000,0.000000,0.000000,0.000000,0.000000,0.000000,0.000000,0.000000,1418.000000,2.061586
0.000000,1.000000,0.000000,0.000000,0.000000,0.000000,0.000000,0.000000,0.000000,1.000000,0.000000,0.000000,0.000000,0.000000,2.000000,1.000000,0.000000,0.000000,2.000000,1.000000,1.000000,0.000000,1.000000,0.000000,0.000000,2.000000,1.000000,0.000000,1.000000,0.000000,2.000000,0.000000,1.000000,1.000000,4.000000,2.000000,1.000000,2.000000,6.000000,2.000000,2.000000,2.000000,9.000000,1.000000,1.000000,0.000000,1.000000,1.000000,1.000000,1.000000,1.000000,1.000000,6.000000,3.000000,0.000000,1.000000,4.000000,4.000000,4.000000,3.000000,2.000000,1.000000,0.000000,0.000000,1.000000,0.000000,4.000000,0.000000,1.000000,1.000000,0.000000,0.000000,0.000000,1.000000,1.000000,0.000000,1.000000,0.000000,0.000000,1.000000,1.000000,0.000000,0.000000,0.000000,0.000000,0.000000,1.000000,1.000000,1.000000,0.000000,0.000000,0.000000,0.000000,0.000000,0.000000,1.000000,0.000000,0.000000,0.000000,0.000000,4690.000000,6.818644
10.000000,27.000000,19.000000,16.000000,11.000000,2.000000,6.000000,6.000000,0.000000,0.000000,0.000000,1.000000,1.000000,0.000000,1.000000,0.000000,0.000000,0.000000,0.000000,0.000000,0.000000,0.000000,0.000000,0.000000,0.000000,0.000000,0.000000,0.000000,0.000000,0.000000,0.000000,0.000000,0.000000,0.000000,0.000000,0.000000,0.000000,0.000000,0.000000,0.000000,0.000000,0.000000,0.000000,0.000000,0.000000,0.000000,0.000000,0.000000,0.000000,0.000000,0.000000,0.000000,0.000000,0.000000,0.000000,0.000000,0.000000,0.000000,0.000000,0.000000,0.000000,0.000000,0.000000,0.000000,0.000000,0.000000,0.000000,0.000000,0.000000,0.000000,0.000000,0.000000,0.000000,0.000000,0.000000,0.000000,0.000000,0.000000,0.000000,0.000000,0.000000,0.000000,0.000000,0.000000,0.000000,0.000000,0.000000,0.000000,0.000000,0.000000,0.000000,0.000000,0.000000,0.000000,0.000000,0.000000,0.000000,0.000000,0.000000,0.000000,282.000000,0.409991
1.000000,3.000000,2.000000,5.000000,9.000000,4.000000,1.000000,1.000000,0.000000,0.000000,0.000000,0.000000,1.000000,1.000000,3.000000,3.000000,2.000000,1.000000,1.000000,0.000000,0.000000,1.000000,0.000000,3.000000,0.000000,1.000000,0.000000,2.000000,2.000000,0.000000,1.000000,1.000000,7.000000,4.000000,3.000000,2.000000,2.000000,5.000000,2.000000,4.000000,2.000000,1.000000,2.000000,4.000000,2.000000,1.000000,1.000000,1.000000,2.000000,0.000000,2.000000,0.000000,0.000000,0.000000,0.000000,1.000000,2.000000,0.000000,0.000000,0.000000,0.000000,1.000000,0.000000,0.000000,0.000000,0.000000,0.000000,0.000000,0.000000,0.000000,0.000000,0.000000,0.000000,0.000000,0.000000,0.000000,0.000000,0.000000,0.000000,0.000000,0.000000,0.000000,0.000000,0.000000,0.000000,0.000000,0.000000,0.000000,0.000000,0.000000,0.000000,0.000000,0.000000,0.000000,0.000000,0.000000,0.000000,0.000000,0.000000,0.000000,2600.000000,3.780059
11.000000,19.000000,17.000000,16.000000,11.000000,9.000000,7.000000,4.000000,2.000000,4.000000,0.000000,0.000000,0.000000,0.000000,0.000000,0.000000,0.000000,0.000000,0.000000,0.000000,0.000000,0.000000,0.000000,0.000000,0.000000,0.000000,0.000000,0.000000,0.000000,0.000000,0.000000,0.000000,0.000000,0.000000,0.000000,0.000000,0.000000,0.000000,0.000000,0.000000,0.000000,0.000000,0.000000,0.000000,0.000000,0.000000,0.000000,0.000000,0.000000,0.000000,0.000000,0.000000,0.000000,0.000000,0.000000,0.000000,0.000000,0.000000,0.000000,0.000000,0.000000,0.000000,0.000000,0.000000,0.000000,0.000000,0.000000,0.000000,0.000000,0.000000,0.000000,0.000000,0.000000,0.000000,0.000000,0.000000,0.000000,0.000000,0.000000,0.000000,0.000000,0.000000,0.000000,0.000000,0.000000,0.000000,0.000000,0.000000,0.000000,0.000000,0.000000,0.000000,0.000000,0.000000,0.000000,0.000000,0.000000,0.000000,0.000000,0.000000,312.000000,0.453607
43.000000,38.000000,14.000000,2.000000,2.000000,0.000000,1.000000,0.000000,0.000000,0.000000,0.000000,0.000000,0.000000,0.000000,0.000000,0.000000,0.000000,0.000000,0.000000,0.000000,0.000000,0.000000,0.000000,0.000000,0.000000,0.000000,0.000000,0.000000,0.000000,0.000000,0.000000,0.000000,0.000000,0.000000,0.000000,0.000000,0.000000,0.000000,0.000000,0.000000,0.000000,0.000000,0.000000,0.000000,0.000000,0.000000,0.000000,0.000000,0.000000,0.000000,0.000000,0.000000,0.000000,0.000000,0.000000,0.000000,0.000000,0.000000,0.000000,0.000000,0.000000,0.000000,0.000000,0.000000,0.000000,0.000000,0.000000,0.000000,0.000000,0.000000,0.000000,0.000000,0.000000,0.000000,0.000000,0.000000,0.000000,0.000000,0.000000,0.000000,0.000000,0.000000,0.000000,0.000000,0.000000,0.000000,0.000000,0.000000,0.000000,0.000000,0.000000,0.000000,0.000000,0.000000,0.000000,0.000000,0.000000,0.000000,0.000000,0.000000,86.000000,0.125033
0.000000,1.000000,1.000000,0.000000,1.000000,0.000000,3.000000,2.000000,2.000000,1.000000,4.000000,1.000000,0.000000,1.000000,1.000000,1.000000,1.000000,5.000000,1.000000,1.000000,1.000000,3.000000,0.000000,3.000000,6.000000,0.000000,2.000000,3.000000,3.000000,2.000000,0.000000,2.000000,2.000000,2.000000,2.000000,1.000000,1.000000,2.000000,3.000000,2.000000,3.000000,1.000000,1.000000,0.000000,0.000000,0.000000,0.000000,1.000000,1.000000,1.000000,1.000000,0.000000,0.000000,0.000000,1.000000,0.000000,2.000000,0.000000,2.000000,1.000000,0.000000,0.000000,0.000000,2.000000,0.000000,1.000000,0.000000,1.000000,0.000000,2.000000,0.000000,0.000000,1.000000,1.000000,1.000000,2.000000,0.000000,1.000000,0.000000,0.000000,2.000000,0.000000,0.000000,0.000000,0.000000,0.000000,0.000000,1.000000,0.000000,1.000000,0.000000,1.000000,0.000000,0.000000,1.000000,0.000000,0.000000,0.000000,0.000000,0.000000,3564.000000,5.181588
0.000000,2.000000,0.000000,1.000000,0.000000,0.000000,0.000000,0.000000,2.000000,3.000000,0.000000,2.000000,1.000000,0.000000,1.000000,1.000000,0.000000,1.000000,2.000000,1.000000,2.000000,4.000000,4.000000,5.000000,3.000000,3.000000,4.000000,1.000000,2.000000,4.000000,1.000000,2.000000,2.000000,3.000000,3.000000,0.000000,1.000000,1.000000,2.000000,0.000000,2.000000,3.000000,4.000000,0.000000,1.000000,0.000000,2.000000,0.000000,0.000000,0.000000,0.000000,0.000000,0.000000,0.000000,0.000000,0.000000,0.000000,0.000000,1.000000,1.000000,2.000000,0.000000,0.000000,0.000000,0.000000,1.000000,0.000000,0.000000,2.000000,1.000000,1.000000,1.000000,2.000000,1.000000,2.000000,2.000000,1.000000,1.000000,0.000000,0.000000,0.000000,0.000000,1.000000,1.000000,0.000000,0.000000,0.000000,0.000000,0.000000,0.000000,1.000000,0.000000,0.000000,0.000000,2.000000,0.000000,0.000000,0.000000,0.000000,0.000000,3732.000000,5.425838
1.000000,6.000000,2.000000,3.000000,7.000000,4.000000,0.000000,3.000000,1.000000,2.000000,0.000000,1.000000,1.000000,0.000000,1.000000,0.000000,0.000000,1.000000,3.000000,3.000000,1.000000,2.000000,1.000000,0.000000,2.000000,1.000000,3.000000,0.000000,4.000000,1.000000,3.000000,3.000000,1.000000,1.000000,4.000000,3.000000,3.000000,7.000000,2.000000,2.000000,4.000000,1.000000,0.000000,2.000000,1.000000,0.000000,0.000000,2.000000,0.000000,2.000000,0.000000,0.000000,2.000000,1.000000,0.000000,0.000000,0.000000,1.000000,1.000000,0.000000,0.000000,0.000000,0.000000,0.000000,0.000000,0.000000,0.000000,0.000000,0.000000,0.000000,0.000000,0.000000,0.000000,0.000000,0.000000,0.000000,0.000000,0.000000,0.000000,0.000000,0.000000,0.000000,0.000000,0.000000,0.000000,0.000000,0.000000,0.000000,0.000000,0.000000,0.000000,0.000000,0.000000,0.000000,0.000000,0.000000,0.000000,0.000000,0.000000,0.000000,2460.000000,3.576517
0.000000,0.000000,0.000000,0.000000,0.000000,0.000000,0.000000,0.000000,1.000000,0.000000,0.000000,0.000000,1.000000,2.000000,0.000000,1.000000,0.000000,1.000000,0.000000,0.000000,0.000000,1.000000,0.000000,0.000000,0.000000,2.000000,1.000000,0.000000,2.000000,1.000000,2.000000,1.000000,1.000000,1.000000,3.000000,0.000000,2.000000,0.000000,0.000000,1.000000,2.000000,1.000000,3.000000,7.000000,5.000000,2.000000,1.000000,1.000000,1.000000,1.000000,4.000000,6.000000,5.000000,2.000000,3.000000,4.000000,0.000000,3.000000,2.000000,2.000000,1.000000,0.000000,1.000000,2.000000,2.000000,0.000000,3.000000,2.000000,1.000000,1.000000,0.000000,0.000000,2.000000,0.000000,0.000000,0.000000,0.000000,0.000000,0.000000,0.000000,1.000000,0.000000,0.000000,0.000000,1.000000,0.000000,1.000000,0.000000,1.000000,0.000000,0.000000,0.000000,1.000000,1.000000,0.000000,0.000000,0.000000,0.000000,0.000000,0.000000,4848.000000,7.048356
0.000000,2.000000,1.000000,3.000000,1.000000,1.000000,1.000000,0.000000,0.000000,0.000000,0.000000,0.000000,0.000000,0.000000,0.000000,0.000000,1.000000,0.000000,0.000000,0.000000,0.000000,0.000000,1.000000,0.000000,0.000000,1.000000,1.000000,2.000000,0.000000,1.000000,0.000000,1.000000,3.000000,2.000000,7.000000,3.000000,4.000000,6.000000,1.000000,1.000000,2.000000,2.000000,1.000000,0.000000,1.000000,2.000000,2.000000,1.000000,3.000000,0.000000,3.000000,2.000000,2.000000,0.000000,1.000000,3.000000,6.000000,2.000000,2.000000,0.000000,1.000000,1.000000,0.000000,0.000000,1.000000,4.000000,0.000000,2.000000,0.000000,0.000000,2.000000,0.000000,1.000000,1.000000,1.000000,0.000000,0.000000,0.000000,0.000000,2.000000,1.000000,1.000000,0.000000,1.000000,0.000000,0.000000,0.000000,0.000000,0.000000,0.000000,0.000000,1.000000,0.000000,0.000000,1.000000,0.000000,0.000000,0.000000,0.000000,0.000000,4466.000000,6.492978
0.000000,2.000000,2.000000,2.000000,1.000000,0.000000,0.000000,0.000000,1.000000,0.000000,0.000000,0.000000,0.000000,0.000000,0.000000,3.000000,0.000000,0.000000,1.000000,3.000000,1.000000,2.000000,1.000000,0.000000,2.000000,0.000000,0.000000,1.000000,2.000000,0.000000,2.000000,0.000000,0.000000,0.000000,0.000000,2.000000,2.000000,0.000000,2.000000,1.000000,4.000000,0.000000,6.000000,3.000000,9.000000,2.000000,1.000000,3.000000,3.000000,6.000000,0.000000,1.000000,1.000000,2.000000,1.000000,0.000000,3.000000,0.000000,0.000000,0.000000,2.000000,1.000000,2.000000,4.000000,1.000000,3.000000,2.000000,0.000000,0.000000,0.000000,0.000000,1.000000,0.000000,1.000000,0.000000,0.000000,0.000000,0.000000,0.000000,0.000000,2.000000,0.000000,0.000000,1.000000,0.000000,0.000000,0.000000,0.000000,1.000000,0.000000,0.000000,0.000000,0.000000,0.000000,0.000000,0.000000,1.000000,0.000000,0.000000,0.000000,4278.000000,6.219650
0.000000,0.000000,0.000000,0.000000,0.000000,0.000000,0.000000,0.000000,0.000000,0.000000,0.000000,0.000000,0.000000,0.000000,0.000000,0.000000,1.000000,2.000000,0.000000,1.000000,2.000000,0.000000,2.000000,0.000000,0.000000,0.000000,1.000000,4.000000,4.000000,0.000000,0.000000,0.000000,1.000000,1.000000,0.000000,1.000000,1.000000,2.000000,0.000000,1.000000,0.000000,2.000000,1.000000,3.000000,9.000000,7.000000,2.000000,3.000000,2.000000,2.000000,1.000000,1.000000,3.000000,2.000000,2.000000,3.000000,3.000000,2.000000,0.000000,6.000000,1.000000,2.000000,3.000000,1.000000,1.000000,1.000000,0.000000,0.000000,0.000000,0.000000,2.000000,2.000000,1.000000,0.000000,0.000000,0.000000,0.000000,0.000000,0.000000,1.000000,1.000000,0.000000,2.000000,0.000000,0.000000,0.000000,0.000000,0.000000,0.000000,2.000000,1.000000,0.000000,0.000000,0.000000,0.000000,0.000000,0.000000,0.000000,1.000000,0.000000,4914.000000,7.144311
1.000000,3.000000,1.000000,6.000000,3.000000,0.000000,1.000000,1.000000,0.000000,0.000000,1.000000,0.000000,1.000000,2.000000,1.000000,1.000000,1.000000,1.000000,2.000000,0.000000,1.000000,0.000000,1.000000,1.000000,1.000000,0.000000,2.000000,0.000000,2.000000,3.000000,1.000000,1.000000,1.000000,2.000000,0.000000,2.000000,0.000000,0.000000,2.000000,2.000000,6.000000,5.000000,5.000000,3.000000,1.000000,4.000000,0.000000,2.000000,1.000000,1.000000,2.000000,1.000000,1.000000,1.000000,3.000000,1.000000,1.000000,1.000000,0.000000,1.000000,1.000000,1.000000,1.000000,0.000000,1.000000,2.000000,0.000000,1.000000,1.000000,1.000000,0.000000,2.000000,1.000000,0.000000,0.000000,0.000000,0.000000,0.000000,0.000000,0.000000,0.000000,0.000000,0.000000,0.000000,0.000000,0.000000,0.000000,0.000000,0.000000,0.000000,0.000000,0.000000,0.000000,0.000000,0.000000,0.000000,0.000000,0.000000,0.000000,0.000000,3500.000000,5.088541
2.000000,3.000000,2.000000,1.000000,3.000000,0.000000,3.000000,2.000000,3.000000,3.000000,0.000000,2.000000,2.000000,2.000000,3.000000,2.000000,3.000000,1.000000,2.000000,0.000000,1.000000,0.000000,3.000000,2.000000,5.000000,3.000000,1.000000,1.000000,3.000000,1.000000,1.000000,6.000000,7.000000,1.000000,5.000000,1.000000,1.000000,2.000000,2.000000,0.000000,2.000000,3.000000,1.000000,2.000000,0.000000,1.000000,3.000000,2.000000,0.000000,1.000000,0.000000,0.000000,0.000000,0.000000,0.000000,0.000000,0.000000,0.000000,0.000000,0.000000,0.000000,0.000000,0.000000,0.000000,0.000000,0.000000,0.000000,0.000000,0.000000,0.000000,0.000000,0.000000,0.000000,0.000000,0.000000,0.000000,0.000000,0.000000,0.000000,0.000000,0.000000,0.000000,0.000000,0.000000,0.000000,0.000000,0.000000,0.000000,0.000000,0.000000,0.000000,0.000000,0.000000,0.000000,0.000000,0.000000,0.000000,0.000000,0.000000,0.000000,2364.000000,3.436946
1.000000,1.000000,3.000000,1.000000,1.000000,0.000000,1.000000,0.000000,0.000000,0.000000,0.000000,1.000000,1.000000,0.000000,2.000000,0.000000,0.000000,0.000000,1.000000,1.000000,5.000000,3.000000,4.000000,2.000000,0.000000,0.000000,0.000000,0.000000,1.000000,0.000000,1.000000,0.000000,2.000000,1.000000,0.000000,1.000000,1.000000,1.000000,1.000000,1.000000,0.000000,2.000000,2.000000,7.000000,4.000000,5.000000,0.000000,3.000000,0.000000,3.000000,0.000000,0.000000,0.000000,2.000000,2.000000,3.000000,3.000000,4.000000,3.000000,2.000000,2.000000,2.000000,2.000000,0.000000,0.000000,0.000000,1.000000,1.000000,0.000000,1.000000,0.000000,1.000000,0.000000,0.000000,1.000000,0.000000,0.000000,1.000000,1.000000,0.000000,0.000000,0.000000,0.000000,0.000000,0.000000,1.000000,1.000000,0.000000,0.000000,1.000000,0.000000,0.000000,0.000000,0.000000,1.000000,0.000000,0.000000,0.000000,0.000000,0.000000,4190.000000,6.091710
2.000000,7.000000,5.000000,5.000000,2.000000,2.000000,0.000000,1.000000,0.000000,0.000000,2.000000,0.000000,1.000000,0.000000,0.000000,1.000000,0.000000,0.000000,0.000000,4.000000,1.000000,3.000000,0.000000,1.000000,0.000000,1.000000,1.000000,2.000000,2.000000,4.000000,3.000000,1.000000,3.000000,2.000000,3.000000,3.000000,1.000000,7.000000,4.000000,4.000000,0.000000,2.000000,3.000000,1.000000,1.000000,1.000000,2.000000,0.000000,3.000000,1.000000,0.000000,1.000000,1.000000,0.000000,0.000000,1.000000,0.000000,1.000000,0.000000,0.000000,0.000000,0.000000,1.000000,0.000000,1.000000,1.000000,0.000000,0.000000,0.000000,1.000000,0.000000,0.000000,0.000000,0.000000,0.000000,0.000000,0.000000,0.000000,0.000000,0.000000,0.000000,0.000000,0.000000,0.000000,0.000000,0.000000,0.000000,0.000000,0.000000,0.000000,0.000000,0.000000,0.000000,0.000000,0.000000,0.000000,0.000000,0.000000,0.000000,0.000000,2756.000000,4.006862
5.000000,6.000000,5.000000,5.000000,3.000000,14.000000,9.000000,11.000000,3.000000,5.000000,7.000000,1.000000,5.000000,6.000000,4.000000,5.000000,2.000000,2.000000,0.000000,1.000000,1.000000,0.000000,0.000000,0.000000,0.000000,0.000000,0.000000,0.000000,0.000000,0.000000,0.000000,0.000000,0.000000,0.000000,0.000000,0.000000,0.000000,0.000000,0.000000,0.000000,0.000000,0.000000,0.000000,0.000000,0.000000,0.000000,0.000000,0.000000,0.000000,0.000000,0.000000,0.000000,0.000000,0.000000,0.000000,0.000000,0.000000,0.000000,0.000000,0.000000,0.000000,0.000000,0.000000,0.000000,0.000000,0.000000,0.000000,0.000000,0.000000,0.000000,0.000000,0.000000,0.000000,0.000000,0.000000,0.000000,0.000000,0.000000,0.000000,0.000000,0.000000,0.000000,0.000000,0.000000,0.000000,0.000000,0.000000,0.000000,0.000000,0.000000,0.000000,0.000000,0.000000,0.000000,0.000000,0.000000,0.000000,0.000000,0.000000,0.000000,768.000000,1.116571
2.000000,1.000000,2.000000,3.000000,4.000000,3.000000,4.000000,2.000000,5.000000,3.000000,4.000000,3.000000,11.000000,4.000000,6.000000,6.000000,4.000000,6.000000,8.000000,3.000000,5.000000,1.000000,1.000000,1.000000,2.000000,2.000000,0.000000,2.000000,1.000000,0.000000,0.000000,0.000000,1.000000,0.000000,0.000000,0.000000,0.000000,0.000000,0.000000,0.000000,0.000000,0.000000,0.000000,0.000000,0.000000,0.000000,0.000000,0.000000,0.000000,0.000000,0.000000,0.000000,0.000000,0.000000,0.000000,0.000000,0.000000,0.000000,0.000000,0.000000,0.000000,0.000000,0.000000,0.000000,0.000000,0.000000,0.000000,0.000000,0.000000,0.000000,0.000000,0.000000,0.000000,0.000000,0.000000,0.000000,0.000000,0.000000,0.000000,0.000000,0.000000,0.000000,0.000000,0.000000,0.000000,0.000000,0.000000,0.000000,0.000000,0.000000,0.000000,0.000000,0.000000,0.000000,0.000000,0.000000,0.000000,0.000000,0.000000,0.000000,1326.000000,1.927830
4.000000,4.000000,2.000000,9.000000,0.000000,1.000000,3.000000,1.000000,1.000000,0.000000,2.000000,0.000000,0.000000,1.000000,0.000000,0.000000,0.000000,0.000000,1.000000,0.000000,2.000000,1.000000,2.000000,1.000000,1.000000,1.000000,1.000000,3.000000,2.000000,1.000000,3.000000,2.000000,4.000000,3.000000,8.000000,5.000000,7.000000,6.000000,5.000000,2.000000,1.000000,0.000000,0.000000,1.000000,0.000000,0.000000,0.000000,0.000000,2.000000,0.000000,1.000000,1.000000,0.000000,1.000000,2.000000,0.000000,1.000000,0.000000,0.000000,0.000000,0.000000,0.000000,1.000000,0.000000,0.000000,0.000000,0.000000,0.000000,0.000000,0.000000,0.000000,0.000000,0.000000,0.000000,0.000000,0.000000,0.000000,0.000000,0.000000,0.000000,0.000000,0.000000,0.000000,0.000000,0.000000,0.000000,0.000000,0.000000,0.000000,0.000000,0.000000,0.000000,0.000000,0.000000,0.000000,0.000000,0.000000,0.000000,0.000000,0.000000,2620.000000,3.809136
3.000000,4.000000,4.000000,4.000000,4.000000,1.000000,1.000000,4.000000,3.000000,1.000000,1.000000,0.000000,0.000000,1.000000,1.000000,0.000000,0.000000,1.000000,1.000000,1.000000,1.000000,1.000000,0.000000,0.000000,0.000000,3.000000,0.000000,6.000000,1.000000,3.000000,2.000000,4.000000,1.000000,2.000000,11.000000,2.000000,2.000000,6.000000,1.000000,1.000000,1.000000,1.000000,1.000000,1.000000,1.000000,0.000000,1.000000,1.000000,2.000000,1.000000,1.000000,0.000000,3.000000,1.000000,0.000000,0.000000,0.000000,1.000000,0.000000,0.000000,1.000000,1.000000,0.000000,0.000000,0.000000,0.000000,0.000000,0.000000,0.000000,0.000000,0.000000,0.000000,0.000000,0.000000,0.000000,0.000000,0.000000,0.000000,0.000000,0.000000,0.000000,0.000000,0.000000,0.000000,0.000000,0.000000,0.000000,0.000000,0.000000,0.000000,0.000000,0.000000,0.000000,0.000000,0.000000,0.000000,0.000000,0.000000,0.000000,0.000000,2578.000000,3.748074
0.000000,4.000000,2.000000,2.000000,1.000000,0.000000,5.000000,7.000000,2.000000,4.000000,7.000000,2.000000,2.000000,2.000000,3.000000,8.000000,8.000000,5.000000,3.000000,2.000000,1.000000,1.000000,2.000000,4.000000,5.000000,2.000000,1.000000,2.000000,4.000000,3.000000,3.000000,0.000000,0.000000,2.000000,0.000000,0.000000,0.000000,0.000000,0.000000,0.000000,1.000000,0.000000,0.000000,0.000000,0.000000,0.000000,0.000000,0.000000,0.000000,0.000000,0.000000,0.000000,0.000000,0.000000,0.000000,0.000000,0.000000,0.000000,0.000000,0.000000,0.000000,0.000000,0.000000,0.000000,0.000000,0.000000,0.000000,0.000000,0.000000,0.000000,0.000000,0.000000,0.000000,0.000000,0.000000,0.000000,0.000000,0.000000,0.000000,0.000000,0.000000,0.000000,0.000000,0.000000,0.000000,0.000000,0.000000,0.000000,0.000000,0.000000,0.000000,0.000000,0.000000,0.000000,0.000000,0.000000,0.000000,0.000000,0.000000,0.000000,1580.000000,2.297113
0.000000,6.000000,4.000000,3.000000,0.000000,3.000000,2.000000,2.000000,1.000000,3.000000,1.000000,2.000000,4.000000,4.000000,2.000000,2.000000,1.000000,3.000000,4.000000,6.000000,4.000000,4.000000,1.000000,1.000000,5.000000,5.000000,4.000000,5.000000,3.000000,2.000000,6.000000,0.000000,1.000000,3.000000,3.000000,0.000000,0.000000,0.000000,0.000000,0.000000,0.000000,0.000000,0.000000,0.000000,0.000000,0.000000,0.000000,0.000000,0.000000,0.000000,0.000000,0.000000,0.000000,0.000000,0.000000,0.000000,0.000000,0.000000,0.000000,0.000000,0.000000,0.000000,0.000000,0.000000,0.000000,0.000000,0.000000,0.000000,0.000000,0.000000,0.000000,0.000000,0.000000,0.000000,0.000000,0.000000,0.000000,0.000000,0.000000,0.000000,0.000000,0.000000,0.000000,0.000000,0.000000,0.000000,0.000000,0.000000,0.000000,0.000000,0.000000,0.000000,0.000000,0.000000,0.000000,0.000000,0.000000,0.000000,0.000000,0.000000,1790.000000,2.602425
2.000000,5.000000,11.000000,5.000000,7.000000,8.000000,6.000000,8.000000,9.000000,11.000000,4.000000,5.000000,5.000000,2.000000,5.000000,4.000000,2.000000,0.000000,0.000000,0.000000,0.000000,0.000000,0.000000,0.000000,1.000000,0.000000,0.000000,0.000000,0.000000,0.000000,0.000000,0.000000,0.000000,0.000000,0.000000,0.000000,0.000000,0.000000,0.000000,0.000000,0.000000,0.000000,0.000000,0.000000,0.000000,0.000000,0.000000,0.000000,0.000000,0.000000,0.000000,0.000000,0.000000,0.000000,0.000000,0.000000,0.000000,0.000000,0.000000,0.000000,0.000000,0.000000,0.000000,0.000000,0.000000,0.000000,0.000000,0.000000,0.000000,0.000000,0.000000,0.000000,0.000000,0.000000,0.000000,0.000000,0.000000,0.000000,0.000000,0.000000,0.000000,0.000000,0.000000,0.000000,0.000000,0.000000,0.000000,0.000000,0.000000,0.000000,0.000000,0.000000,0.000000,0.000000,0.000000,0.000000,0.000000,0.000000,0.000000,0.000000,740.000000,1.075863
2.000000,1.000000,1.000000,0.000000,0.000000,0.000000,1.000000,2.000000,2.000000,0.000000,2.000000,1.000000,3.000000,2.000000,4.000000,5.000000,4.000000,4.000000,6.000000,4.000000,6.000000,5.000000,5.000000,6.000000,4.000000,3.000000,1.000000,4.000000,0.000000,4.000000,1.000000,1.000000,4.000000,0.000000,2.000000,0.000000,0.000000,1.000000,0.000000,1.000000,0.000000,2.000000,0.000000,1.000000,0.000000,0.000000,0.000000,0.000000,0.000000,0.000000,2.000000,1.000000,0.000000,0.000000,1.000000,0.000000,0.000000,0.000000,1.000000,0.000000,0.000000,0.000000,0.000000,0.000000,0.000000,0.000000,0.000000,0.000000,0.000000,0.000000,0.000000,0.000000,0.000000,0.000000,0.000000,0.000000,0.000000,0.000000,0.000000,0.000000,0.000000,0.000000,0.000000,0.000000,0.000000,0.000000,0.000000,0.000000,0.000000,0.000000,0.000000,0.000000,0.000000,0.000000,0.000000,0.000000,0.000000,0.000000,0.000000,0.000000,2194.000000,3.189788
0.000000,1.000000,3.000000,4.000000,4.000000,0.000000,2.000000,7.000000,2.000000,2.000000,4.000000,1.000000,2.000000,6.000000,5.000000,3.000000,7.000000,9.000000,6.000000,4.000000,7.000000,1.000000,3.000000,2.000000,2.000000,3.000000,1.000000,2.000000,3.000000,0.000000,1.000000,3.000000,0.000000,0.000000,0.000000,0.000000,0.000000,0.000000,0.000000,0.000000,0.000000,0.000000,0.000000,0.000000,0.000000,0.000000,0.000000,0.000000,0.000000,0.000000,0.000000,0.000000,0.000000,0.000000,0.000000,0.000000,0.000000,0.000000,0.000000,0.000000,0.000000,0.000000,0.000000,0.000000,0.000000,0.000000,0.000000,0.000000,0.000000,0.000000,0.000000,0.000000,0.000000,0.000000,0.000000,0.000000,0.000000,0.000000,0.000000,0.000000,0.000000,0.000000,0.000000,0.000000,0.000000,0.000000,0.000000,0.000000,0.000000,0.000000,0.000000,0.000000,0.000000,0.000000,0.000000,0.000000,0.000000,0.000000,0.000000,0.000000,1530.000000,2.224419
2.000000,3.000000,2.000000,2.000000,1.000000,1.000000,0.000000,0.000000,2.000000,1.000000,1.000000,6.000000,0.000000,1.000000,2.000000,1.000000,5.000000,3.000000,2.000000,9.000000,9.000000,4.000000,4.000000,3.000000,3.000000,7.000000,4.000000,0.000000,1.000000,5.000000,0.000000,1.000000,2.000000,1.000000,1.000000,4.000000,0.000000,2.000000,3.000000,1.000000,0.000000,1.000000,0.000000,0.000000,0.000000,0.000000,0.000000,0.000000,0.000000,0.000000,0.000000,0.000000,0.000000,0.000000,0.000000,0.000000,0.000000,0.000000,0.000000,0.000000,0.000000,0.000000,0.000000,0.000000,0.000000,0.000000,0.000000,0.000000,0.000000,0.000000,0.000000,0.000000,0.000000,0.000000,0.000000,0.000000,0.000000,0.000000,0.000000,0.000000,0.000000,0.000000,0.000000,0.000000,0.000000,0.000000,0.000000,0.000000,0.000000,0.000000,0.000000,0.000000,0.000000,0.000000,0.000000,0.000000,0.000000,0.000000,0.000000,0.000000,2032.000000,2.954261
1.000000,1.000000,1.000000,0.000000,1.000000,1.000000,2.000000,1.000000,1.000000,3.000000,3.000000,0.000000,1.000000,1.000000,1.000000,2.000000,3.000000,7.000000,4.000000,2.000000,3.000000,0.000000,2.000000,1.000000,3.000000,2.000000,0.000000,4.000000,2.000000,0.000000,0.000000,2.000000,1.000000,2.000000,2.000000,3.000000,2.000000,1.000000,0.000000,0.000000,1.000000,3.000000,2.000000,0.000000,0.000000,2.000000,2.000000,0.000000,1.000000,1.000000,0.000000,1.000000,1.000000,0.000000,0.000000,0.000000,1.000000,2.000000,0.000000,1.000000,0.000000,0.000000,0.000000,0.000000,1.000000,0.000000,1.000000,0.000000,0.000000,3.000000,0.000000,0.000000,1.000000,1.000000,0.000000,0.000000,2.000000,1.000000,0.000000,0.000000,0.000000,0.000000,0.000000,0.000000,1.000000,1.000000,1.000000,0.000000,0.000000,0.000000,0.000000,0.000000,0.000000,1.000000,0.000000,1.000000,0.000000,1.000000,0.000000,0.000000,3406.000000,4.951877
1.000000,1.000000,1.000000,2.000000,3.000000,2.000000,6.000000,0.000000,0.000000,2.000000,3.000000,2.000000,1.000000,2.000000,2.000000,2.000000,5.000000,1.000000,3.000000,4.000000,0.000000,4.000000,4.000000,5.000000,1.000000,2.000000,4.000000,0.000000,2.000000,1.000000,2.000000,0.000000,3.000000,2.000000,0.000000,0.000000,2.000000,1.000000,2.000000,2.000000,1.000000,1.000000,0.000000,1.000000,0.000000,0.000000,0.000000,0.000000,0.000000,0.000000,0.000000,1.000000,0.000000,0.000000,0.000000,0.000000,0.000000,1.000000,0.000000,0.000000,0.000000,2.000000,0.000000,0.000000,1.000000,0.000000,0.000000,1.000000,0.000000,1.000000,1.000000,0.000000,0.000000,0.000000,2.000000,0.000000,0.000000,0.000000,2.000000,0.000000,0.000000,0.000000,1.000000,1.000000,0.000000,0.000000,0.000000,0.000000,0.000000,1.000000,0.000000,1.000000,0.000000,0.000000,0.000000,0.000000,1.000000,0.000000,0.000000,0.000000,2864.000000,4.163880
1.000000,3.000000,3.000000,3.000000,8.000000,5.000000,2.000000,1.000000,0.000000,1.000000,0.000000,0.000000,2.000000,0.000000,0.000000,0.000000,0.000000,0.000000,0.000000,2.000000,0.000000,1.000000,2.000000,2.000000,0.000000,1.000000,0.000000,1.000000,1.000000,4.000000,1.000000,1.000000,5.000000,1.000000,2.000000,2.000000,1.000000,4.000000,7.000000,3.000000,3.000000,4.000000,2.000000,2.000000,3.000000,4.000000,2.000000,2.000000,1.000000,1.000000,2.000000,0.000000,1.000000,0.000000,0.000000,0.000000,1.000000,0.000000,0.000000,0.000000,0.000000,0.000000,2.000000,0.000000,0.000000,0.000000,0.000000,0.000000,0.000000,0.000000,0.000000,0.000000,0.000000,0.000000,0.000000,0.000000,0.000000,0.000000,0.000000,0.000000,0.000000,0.000000,0.000000,0.000000,0.000000,0.000000,0.000000,0.000000,0.000000,0.000000,0.000000,0.000000,0.000000,0.000000,0.000000,0.000000,0.000000,0.000000,0.000000,0.000000,2812.000000,4.088279
0.000000,4.000000,1.000000,4.000000,4.000000,5.000000,4.000000,4.000000,3.000000,2.000000,2.000000,5.000000,6.000000,7.000000,6.000000,6.000000,9.000000,4.000000,1.000000,4.000000,5.000000,3.000000,2.000000,1.000000,2.000000,0.000000,0.000000,2.000000,0.000000,0.000000,0.000000,0.000000,1.000000,1.000000,0.000000,0.000000,0.000000,1.000000,0.000000,1.000000,0.000000,0.000000,0.000000,0.000000,0.000000,0.000000,0.000000,0.000000,0.000000,0.000000,0.000000,0.000000,0.000000,0.000000,0.000000,0.000000,0.000000,0.000000,0.000000,0.000000,0.000000,0.000000,0.000000,0.000000,0.000000,0.000000,0.000000,0.000000,0.000000,0.000000,0.000000,0.000000,0.000000,0.000000,0.000000,0.000000,0.000000,0.000000,0.000000,0.000000,0.000000,0.000000,0.000000,0.000000,0.000000,0.000000,0.000000,0.000000,0.000000,0.000000,0.000000,0.000000,0.000000,0.000000,0.000000,0.000000,0.000000,0.000000,0.000000,0.000000,1344.000000,1.954000
2.000000,0.000000,0.000000,0.000000,0.000000,0.000000,1.000000,0.000000,0.000000,0.000000,0.000000,0.000000,0.000000,1.000000,0.000000,0.000000,1.000000,0.000000,0.000000,1.000000,0.000000,0.000000,0.000000,3.000000,0.000000,1.000000,2.000000,0.000000,0.000000,0.000000,1.000000,2.000000,1.000000,1.000000,0.000000,1.000000,0.000000,1.000000,3.000000,2.000000,2.000000,1.000000,5.000000,11.000000,1.000000,4.000000,2.000000,4.000000,2.000000,1.000000,0.000000,1.000000,6.000000,3.000000,8.000000,5.000000,1.000000,1.000000,0.000000,1.000000,2.000000,1.000000,1.000000,1.000000,0.000000,0.000000,1.000000,1.000000,1.000000,0.000000,1.000000,1.000000,2.000000,2.000000,0.000000,0.000000,0.000000,0.000000,0.000000,1.000000,0.000000,0.000000,0.000000,0.000000,0.000000,0.000000,0.000000,0.000000,0.000000,0.000000,0.000000,1.000000,0.000000,1.000000,0.000000,0.000000,0.000000,0.000000,0.000000,0.000000,4676.000000,6.798290
3.000000,7.000000,3.000000,7.000000,3.000000,5.000000,7.000000,9.000000,7.000000,8.000000,9.000000,7.000000,8.000000,3.000000,3.000000,2.000000,3.000000,4.000000,0.000000,1.000000,0.000000,1.000000,0.000000,0.000000,0.000000,0.000000,0.000000,0.000000,0.000000,0.000000,0.000000,0.000000,0.000000,0.000000,0.000000,0.000000,0.000000,0.000000,0.000000,0.000000,0.000000,0.000000,0.000000,0.000000,0.000000,0.000000,0.000000,0.000000,0.000000,0.000000,0.000000,0.000000,0.000000,0.000000,0.000000,0.000000,0.000000,0.000000,0.000000,0.000000,0.000000,0.000000,0.000000,0.000000,0.000000,0.000000,0.000000,0.000000,0.000000,0.000000,0.000000,0.000000,0.000000,0.000000,0.000000,0.000000,0.000000,0.000000,0.000000,0.000000,0.000000,0.000000,0.000000,0.000000,0.000000,0.000000,0.000000,0.000000,0.000000,0.000000,0.000000,0.000000,0.000000,0.000000,0.000000,0.000000,0.000000,0.000000,0.000000,0.000000,834.000000,1.212527
1.000000,1.000000,0.000000,1.000000,1.000000,0.000000,0.000000,1.000000,2.000000,0.000000,1.000000,0.000000,0.000000,0.000000,0.000000,0.000000,1.000000,0.000000,0.000000,0.000000,2.000000,0.000000,0.000000,0.000000,0.000000,0.000000,0.000000,1.000000,0.000000,1.000000,1.000000,0.000000,0.000000,2.000000,1.000000,2.000000,4.000000,5.000000,3.000000,3.000000,1.000000,2.000000,0.000000,3.000000,6.000000,3.000000,4.000000,2.000000,2.000000,2.000000,1.000000,1.000000,5.000000,1.000000,1.000000,0.000000,3.000000,2.000000,2.000000,1.000000,2.000000,2.000000,4.000000,1.000000,1.000000,3.000000,1.000000,0.000000,0.000000,1.000000,0.000000,2.000000,2.000000,0.000000,0.000000,2.000000,0.000000,0.000000,0.000000,0.000000,0.000000,0.000000,1.000000,0.000000,0.000000,0.000000,0.000000,1.000000,0.000000,0.000000,0.000000,0.000000,0.000000,0.000000,1.000000,0.000000,0.000000,0.000000,0.000000,0.000000,4606.000000,6.696519
1.000000,2.000000,0.000000,0.000000,1.000000,1.000000,3.000000,4.000000,0.000000,2.000000,0.000000,2.000000,2.000000,2.000000,1.000000,3.000000,3.000000,3.000000,5.000000,3.000000,2.000000,6.000000,3.000000,2.000000,3.000000,1.000000,3.000000,2.000000,0.000000,2.000000,2.000000,1.000000,2.000000,0.000000,0.000000,1.000000,1.000000,4.000000,5.000000,1.000000,1.000000,0.000000,0.000000,0.000000,1.000000,0.000000,0.000000,0.000000,0.000000,0.000000,0.000000,0.000000,0.000000,0.000000,0.000000,0.000000,0.000000,1.000000,0.000000,0.000000,0.000000,0.000000,1.000000,1.000000,0.000000,0.000000,0.000000,1.000000,0.000000,2.000000,3.000000,1.000000,1.000000,0.000000,0.000000,2.000000,0.000000,0.000000,0.000000,0.000000,1.000000,0.000000,0.000000,0.000000,0.000000,0.000000,2.000000,1.000000,0.000000,0.000000,0.000000,0.000000,0.000000,0.000000,1.000000,1.000000,0.000000,0.000000,0.000000,0.000000,3122.000000,4.538978
0.000000,0.000000,0.000000,2.000000,3.000000,2.000000,0.000000,0.000000,0.000000,0.000000,0.000000,0.000000,0.000000,1.000000,0.000000,0.000000,0.000000,0.000000,0.000000,2.000000,1.000000,0.000000,0.000000,0.000000,1.000000,0.000000,2.000000,0.000000,0.000000,1.000000,4.000000,18.000000,2.000000,0.000000,1.000000,2.000000,1.000000,4.000000,3.000000,2.000000,0.000000,5.000000,0.000000,3.000000,4.000000,1.000000,1.000000,0.000000,0.000000,1.000000,1.000000,0.000000,2.000000,2.000000,0.000000,2.000000,0.000000,1.000000,1.000000,0.000000,0.000000,2.000000,4.000000,2.000000,0.000000,1.000000,0.000000,1.000000,2.000000,1.000000,1.000000,0.000000,0.000000,0.000000,0.000000,0.000000,0.000000,0.000000,1.000000,2.000000,0.000000,0.000000,1.000000,0.000000,0.000000,1.000000,0.000000,1.000000,2.000000,1.000000,0.000000,0.000000,0.000000,0.000000,0.000000,1.000000,0.000000,0.000000,0.000000,0.000000,4314.000000,6.271990
2.000000,4.000000,0.000000,0.000000,0.000000,1.000000,0.000000,0.000000,0.000000,0.000000,1.000000,4.000000,4.000000,1.000000,2.000000,1.000000,7.000000,3.000000,8.000000,6.000000,8.000000,4.000000,3.000000,3.000000,1.000000,2.000000,3.000000,4.000000,6.000000,1.000000,6.000000,1.000000,1.000000,0.000000,3.000000,1.000000,2.000000,3.000000,0.000000,3.000000,1.000000,0.000000,0.000000,0.000000,0.000000,0.000000,0.000000,0.000000,0.000000,0.000000,0.000000,0.000000,0.000000,0.000000,0.000000,0.000000,0.000000,0.000000,0.000000,0.000000,0.000000,0.000000,0.000000,0.000000,0.000000,0.000000,0.000000,0.000000,0.000000,0.000000,0.000000,0.000000,0.000000,0.000000,0.000000,0.000000,0.000000,0.000000,0.000000,0.000000,0.000000,0.000000,0.000000,0.000000,0.000000,0.000000,0.000000,0.000000,0.000000,0.000000,0.000000,0.000000,0.000000,0.000000,0.000000,0.000000,0.000000,0.000000,0.000000,0.000000,2144.000000,3.117095
0.000000,0.000000,1.000000,1.000000,3.000000,0.000000,0.000000,0.000000,0.000000,3.000000,1.000000,1.000000,1.000000,1.000000,2.000000,0.000000,0.000000,0.000000,0.000000,0.000000,0.000000,0.000000,1.000000,0.000000,1.000000,1.000000,2.000000,2.000000,6.000000,7.000000,4.000000,0.000000,4.000000,4.000000,0.000000,0.000000,2.000000,3.000000,2.000000,1.000000,3.000000,2.000000,2.000000,0.000000,0.000000,1.000000,2.000000,3.000000,1.000000,1.000000,2.000000,1.000000,1.000000,1.000000,1.000000,0.000000,2.000000,0.000000,0.000000,0.000000,1.000000,0.000000,2.000000,0.000000,0.000000,2.000000,2.000000,0.000000,1.000000,0.000000,4.000000,0.000000,0.000000,2.000000,0.000000,1.000000,1.000000,0.000000,2.000000,0.000000,0.000000,0.000000,0.000000,0.000000,1.000000,0.000000,1.000000,0.000000,0.000000,2.000000,0.000000,0.000000,0.000000,0.000000,1.000000,0.000000,0.000000,0.000000,0.000000,0.000000,4116.000000,5.984124
0.000000,1.000000,0.000000,3.000000,1.000000,0.000000,2.000000,2.000000,1.000000,0.000000,0.000000,0.000000,1.000000,1.000000,1.000000,4.000000,3.000000,4.000000,10.000000,1.000000,2.000000,2.000000,2.000000,0.000000,2.000000,4.000000,2.000000,3.000000,2.000000,3.000000,2.000000,2.000000,3.000000,2.000000,0.000000,1.000000,1.000000,2.000000,1.000000,1.000000,1.000000,0.000000,1.000000,2.000000,1.000000,0.000000,0.000000,2.000000,0.000000,0.000000,0.000000,0.000000,0.000000,0.000000,0.000000,0.000000,1.000000,1.000000,0.000000,0.000000,0.000000,0.000000,0.000000,1.000000,0.000000,0.000000,1.000000,1.000000,0.000000,0.000000,2.000000,0.000000,3.000000,0.000000,2.000000,2.000000,0.000000,0.000000,0.000000,1.000000,1.000000,1.000000,0.000000,0.000000,0.000000,0.000000,0.000000,1.000000,0.000000,1.000000,0.000000,0.000000,0.000000,0.000000,0.000000,1.000000,1.000000,0.000000,0.000000,0.000000,3394.000000,4.934431
1.000000,2.000000,4.000000,5.000000,7.000000,6.000000,6.000000,12.000000,9.000000,11.000000,9.000000,6.000000,6.000000,2.000000,2.000000,3.000000,2.000000,4.000000,1.000000,0.000000,0.000000,1.000000,0.000000,0.000000,1.000000,0.000000,0.000000,0.000000,0.000000,0.000000,0.000000,0.000000,0.000000,0.000000,0.000000,0.000000,0.000000,0.000000,0.000000,0.000000,0.000000,0.000000,0.000000,0.000000,0.000000,0.000000,0.000000,0.000000,0.000000,0.000000,0.000000,0.000000,0.000000,0.000000,0.000000,0.000000,0.000000,0.000000,0.000000,0.000000,0.000000,0.000000,0.000000,0.000000,0.000000,0.000000,0.000000,0.000000,0.000000,0.000000,0.000000,0.000000,0.000000,0.000000,0.000000,0.000000,0.000000,0.000000,0.000000,0.000000,0.000000,0.000000,0.000000,0.000000,0.000000,0.000000,0.000000,0.000000,0.000000,0.000000,0.000000,0.000000,0.000000,0.000000,0.000000,0.000000,0.000000,0.000000,0.000000,0.000000,864.000000,1.256143
19.000000,30.000000,15.000000,18.000000,4.000000,7.000000,4.000000,1.000000,2.000000,0.000000,0.000000,0.000000,0.000000,0.000000,0.000000,0.000000,0.000000,0.000000,0.000000,0.000000,0.000000,0.000000,0.000000,0.000000,0.000000,0.000000,0.000000,0.000000,0.000000,0.000000,0.000000,0.000000,0.000000,0.000000,0.000000,0.000000,0.000000,0.000000,0.000000,0.000000,0.000000,0.000000,0.000000,0.000000,0.000000,0.000000,0.000000,0.000000,0.000000,0.000000,0.000000,0.000000,0.000000,0.000000,0.000000,0.000000,0.000000,0.000000,0.000000,0.000000,0.000000,0.000000,0.000000,0.000000,0.000000,0.000000,0.000000,0.000000,0.000000,0.000000,0.000000,0.000000,0.000000,0.000000,0.000000,0.000000,0.000000,0.000000,0.000000,0.000000,0.000000,0.000000,0.000000,0.000000,0.000000,0.000000,0.000000,0.000000,0.000000,0.000000,0.000000,0.000000,0.000000,0.000000,0.000000,0.000000,0.000000,0.000000,0.000000,0.000000,212.000000,0.308220
4.000000,2.000000,1.000000,0.000000,1.000000,0.000000,1.000000,1.000000,2.000000,0.000000,2.000000,3.000000,1.000000,2.000000,4.000000,0.000000,3.000000,2.000000,6.000000,8.000000,7.000000,4.000000,8.000000,2.000000,1.000000,1.000000,0.000000,5.000000,7.000000,1.000000,3.000000,4.000000,2.000000,1.000000,1.000000,1.000000,2.000000,4.000000,1.000000,0.000000,0.000000,1.000000,1.000000,0.000000,0.000000,0.000000,0.000000,0.000000,0.000000,0.000000,0.000000,0.000000,0.000000,0.000000,0.000000,0.000000,0.000000,0.000000,0.000000,0.000000,0.000000,0.000000,0.000000,0.000000,0.000000,0.000000,0.000000,0.000000,0.000000,0.000000,0.000000,0.000000,0.000000,0.000000,0.000000,0.000000,0.000000,0.000000,0.000000,0.000000,0.000000,0.000000,0.000000,0.000000,0.000000,0.000000,0.000000,0.000000,0.000000,0.000000,0.000000,0.000000,0.000000,0.000000,0.000000,0.000000,0.000000,0.000000,0.000000,0.000000,2102.000000,3.056032
17.000000,35.000000,21.000000,12.000000,7.000000,4.000000,0.000000,2.000000,1.000000,0.000000,0.000000,1.000000,0.000000,0.000000,0.000000,0.000000,0.000000,0.000000,0.000000,0.000000,0.000000,0.000000,0.000000,0.000000,0.000000,0.000000,0.000000,0.000000,0.000000,0.000000,0.000000,0.000000,0.000000,0.000000,0.000000,0.000000,0.000000,0.000000,0.000000,0.000000,0.000000,0.000000,0.000000,0.000000,0.000000,0.000000,0.000000,0.000000,0.000000,0.000000,0.000000,0.000000,0.000000,0.000000,0.000000,0.000000,0.000000,0.000000,0.000000,0.000000,0.000000,0.000000,0.000000,0.000000,0.000000,0.000000,0.000000,0.000000,0.000000,0.000000,0.000000,0.000000,0.000000,0.000000,0.000000,0.000000,0.000000,0.000000,0.000000,0.000000,0.000000,0.000000,0.000000,0.000000,0.000000,0.000000,0.000000,0.000000,0.000000,0.000000,0.000000,0.000000,0.000000,0.000000,0.000000,0.000000,0.000000,0.000000,0.000000,0.000000,194.000000,0.282051
0.000000,2.000000,0.000000,1.000000,0.000000,0.000000,0.000000,1.000000,1.000000,0.000000,0.000000,0.000000,0.000000,1.000000,0.000000,1.000000,0.000000,0.000000,0.000000,0.000000,1.000000,0.000000,0.000000,0.000000,0.000000,1.000000,2.000000,2.000000,1.000000,0.000000,1.000000,2.000000,3.000000,4.000000,4.000000,6.000000,4.000000,1.000000,2.000000,2.000000,7.000000,3.000000,2.000000,1.000000,2.000000,2.000000,2.000000,2.000000,1.000000,3.000000,2.000000,1.000000,0.000000,3.000000,1.000000,0.000000,0.000000,0.000000,2.000000,2.000000,0.000000,0.000000,2.000000,0.000000,0.000000,1.000000,1.000000,0.000000,0.000000,1.000000,1.000000,2.000000,1.000000,2.000000,1.000000,0.000000,4.000000,0.000000,0.000000,1.000000,0.000000,0.000000,1.000000,0.000000,0.000000,1.000000,0.000000,0.000000,0.000000,0.000000,0.000000,1.000000,0.000000,0.000000,0.000000,0.000000,1.000000,0.000000,0.000000,0.000000,4480.000000,6.513332
17.000000,23.000000,12.000000,13.000000,11.000000,10.000000,4.000000,8.000000,0.000000,1.000000,0.000000,1.000000,0.000000,0.000000,0.000000,0.000000,0.000000,0.000000,0.000000,0.000000,0.000000,0.000000,0.000000,0.000000,0.000000,0.000000,0.000000,0.000000,0.000000,0.000000,0.000000,0.000000,0.000000,0.000000,0.000000,0.000000,0.000000,0.000000,0.000000,0.000000,0.000000,0.000000,0.000000,0.000000,0.000000,0.000000,0.000000,0.000000,0.000000,0.000000,0.000000,0.000000,0.000000,0.000000,0.000000,0.000000,0.000000,0.000000,0.000000,0.000000,0.000000,0.000000,0.000000,0.000000,0.000000,0.000000,0.000000,0.000000,0.000000,0.000000,0.000000,0.000000,0.000000,0.000000,0.000000,0.000000,0.000000,0.000000,0.000000,0.000000,0.000000,0.000000,0.000000,0.000000,0.000000,0.000000,0.000000,0.000000,0.000000,0.000000,0.000000,0.000000,0.000000,0.000000,0.000000,0.000000,0.000000,0.000000,0.000000,0.000000,280.000000,0.407083
3.000000,2.000000,2.000000,0.000000,0.000000,5.000000,0.000000,2.000000,3.000000,3.000000,3.000000,4.000000,3.000000,1.000000,3.000000,5.000000,9.000000,2.000000,2.000000,4.000000,1.000000,2.000000,1.000000,3.000000,0.000000,1.000000,4.000000,3.000000,1.000000,1.000000,1.000000,0.000000,0.000000,1.000000,1.000000,9.000000,1.000000,0.000000,0.000000,0.000000,0.000000,0.000000,0.000000,0.000000,0.000000,0.000000,0.000000,0.000000,0.000000,0.000000,0.000000,0.000000,0.000000,0.000000,0.000000,0.000000,0.000000,0.000000,0.000000,0.000000,0.000000,0.000000,1.000000,0.000000,0.000000,0.000000,0.000000,0.000000,0.000000,0.000000,0.000000,3.000000,0.000000,1.000000,0.000000,2.000000,0.000000,0.000000,0.000000,2.000000,0.000000,0.000000,0.000000,0.000000,2.000000,0.000000,1.000000,0.000000,0.000000,0.000000,0.000000,1.000000,0.000000,1.000000,0.000000,0.000000,0.000000,0.000000,0.000000,0.000000,2588.000000,3.762612
0.000000,2.000000,1.000000,0.000000,0.000000,0.000000,0.000000,0.000000,0.000000,0.000000,0.000000,0.000000,0.000000,1.000000,0.000000,4.000000,0.000000,0.000000,2.000000,1.000000,0.000000,0.000000,0.000000,1.000000,2.000000,1.000000,1.000000,2.000000,0.000000,1.000000,2.000000,0.000000,1.000000,0.000000,1.000000,1.000000,0.000000,6.000000,0.000000,1.000000,0.000000,1.000000,0.000000,0.000000,1.000000,9.000000,3.000000,3.000000,1.000000,5.000000,6.000000,2.000000,3.000000,1.000000,3.000000,1.000000,1.000000,5.000000,3.000000,1.000000,2.000000,2.000000,5.000000,2.000000,0.000000,0.000000,0.000000,0.000000,0.000000,0.000000,0.000000,0.000000,1.000000,1.000000,0.000000,1.000000,0.000000,0.000000,1.000000,0.000000,0.000000,1.000000,0.000000,0.000000,0.000000,0.000000,0.000000,0.000000,0.000000,0.000000,2.000000,1.000000,0.000000,0.000000,0.000000,1.000000,0.000000,0.000000,0.000000,0.000000,4646.000000,6.754674
3.000000,3.000000,5.000000,2.000000,3.000000,1.000000,1.000000,0.000000,0.000000,2.000000,0.000000,1.000000,1.000000,0.000000,2.000000,0.000000,1.000000,0.000000,0.000000,2.000000,4.000000,2.000000,0.000000,2.000000,1.000000,1.000000,0.000000,1.000000,1.000000,0.000000,1.000000,2.000000,1.000000,3.000000,2.000000,1.000000,1.000000,0.000000,1.000000,7.000000,6.000000,1.000000,5.000000,6.000000,0.000000,0.000000,1.000000,2.000000,1.000000,1.000000,1.000000,1.000000,3.000000,1.000000,0.000000,1.000000,1.000000,0.000000,1.000000,0.000000,1.000000,1.000000,0.000000,0.000000,0.000000,2.000000,2.000000,3.000000,0.000000,1.000000,0.000000,0.000000,0.000000,0.000000,0.000000,0.000000,0.000000,0.000000,0.000000,0.000000,0.000000,0.000000,0.000000,0.000000,0.000000,0.000000,0.000000,0.000000,0.000000,0.000000,0.000000,0.000000,0.000000,0.000000,0.000000,0.000000,0.000000,0.000000,0.000000,0.000000,3228.000000,4.693088
3.000000,3.000000,3.000000,6.000000,5.000000,9.000000,8.000000,7.000000,9.000000,10.000000,5.000000,5.000000,0.000000,4.000000,10.000000,4.000000,2.000000,4.000000,3.000000,0.000000,0.000000,0.000000,0.000000,0.000000,0.000000,0.000000,0.000000,0.000000,0.000000,0.000000,0.000000,0.000000,0.000000,0.000000,0.000000,0.000000,0.000000,0.000000,0.000000,0.000000,0.000000,0.000000,0.000000,0.000000,0.000000,0.000000,0.000000,0.000000,0.000000,0.000000,0.000000,0.000000,0.000000,0.000000,0.000000,0.000000,0.000000,0.000000,0.000000,0.000000,0.000000,0.000000,0.000000,0.000000,0.000000,0.000000,0.000000,0.000000,0.000000,0.000000,0.000000,0.000000,0.000000,0.000000,0.000000,0.000000,0.000000,0.000000,0.000000,0.000000,0.000000,0.000000,0.000000,0.000000,0.000000,0.000000,0.000000,0.000000,0.000000,0.000000,0.000000,0.000000,0.000000,0.000000,0.000000,0.000000,0.000000,0.000000,0.000000,0.000000,862.000000,1.253235
0.000000,0.000000,0.000000,0.000000,0.000000,0.000000,0.000000,2.000000,1.000000,0.000000,0.000000,0.000000,1.000000,0.000000,0.000000,0.000000,0.000000,1.000000,0.000000,0.000000,0.000000,0.000000,0.000000,2.000000,1.000000,1.000000,1.000000,4.000000,0.000000,2.000000,1.000000,1.000000,0.000000,0.000000,0.000000,3.000000,3.000000,1.000000,1.000000,1.000000,1.000000,3.000000,2.000000,10.000000,7.000000,0.000000,1.000000,3.000000,3.000000,3.000000,0.000000,0.000000,1.000000,1.000000,4.000000,0.000000,2.000000,3.000000,2.000000,5.000000,5.000000,1.000000,0.000000,0.000000,2.000000,1.000000,0.000000,2.000000,0.000000,0.000000,2.000000,0.000000,1.000000,1.000000,2.000000,0.000000,1.000000,1.000000,0.000000,0.000000,0.000000,0.000000,0.000000,1.000000,0.000000,0.000000,0.000000,1.000000,0.000000,0.000000,0.000000,0.000000,0.000000,0.000000,0.000000,0.000000,1.000000,0.000000,0.000000,0.000000,4744.000000,6.897153
0.000000,1.000000,0.000000,1.000000,2.000000,0.000000,1.000000,5.000000,3.000000,2.000000,6.000000,3.000000,2.000000,3.000000,1.000000,0.000000,0.000000,1.000000,2.000000,3.000000,1.000000,3.000000,3.000000,0.000000,3.000000,3.000000,3.000000,1.000000,2.000000,1.000000,1.000000,3.000000,9.000000,2.000000,8.000000,0.000000,1.000000,2.000000,3.000000,0.000000,0.000000,2.000000,2.000000,1.000000,0.000000,2.000000,0.000000,0.000000,1.000000,2.000000,3.000000,1.000000,0.000000,0.000000,1.000000,0.000000,0.000000,0.000000,0.000000,0.000000,0.000000,0.000000,0.000000,0.000000,0.000000,0.000000,0.000000,0.000000,0.000000,0.000000,0.000000,0.000000,0.000000,0.000000,0.000000,0.000000,0.000000,0.000000,0.000000,0.000000,0.000000,0.000000,0.000000,0.000000,0.000000,0.000000,0.000000,0.000000,0.000000,0.000000,0.000000,0.000000,0.000000,0.000000,0.000000,0.000000,0.000000,0.000000,0.000000,0.000000,2534.000000,3.684103
0.000000,2.000000,1.000000,0.000000,0.000000,0.000000,0.000000,0.000000,0.000000,1.000000,0.000000,0.000000,0.000000,0.000000,3.000000,1.000000,1.000000,1.000000,0.000000,0.000000,2.000000,0.000000,1.000000,0.000000,1.000000,1.000000,1.000000,1.000000,1.000000,2.000000,2.000000,0.000000,1.000000,2.000000,0.000000,1.000000,2.000000,3.000000,2.000000,3.000000,2.000000,2.000000,1.000000,2.000000,3.000000,2.000000,3.000000,2.000000,0.000000,2.000000,1.000000,6.000000,3.000000,3.000000,2.000000,4.000000,2.000000,0.000000,1.000000,1.000000,2.000000,1.000000,3.000000,1.000000,0.000000,0.000000,2.000000,0.000000,2.000000,0.000000,0.000000,2.000000,0.000000,1.000000,0.000000,0.000000,2.000000,1.000000,0.000000,0.000000,1.000000,0.000000,1.000000,0.000000,1.000000,0.000000,0.000000,0.000000,0.000000,0.000000,0.000000,0.000000,0.000000,0.000000,2.000000,0.000000,0.000000,0.000000,0.000000,0.000000,4568.000000,6.641272
0.000000,3.000000,1.000000,0.000000,3.000000,0.000000,0.000000,0.000000,2.000000,0.000000,3.000000,1.000000,0.000000,1.000000,0.000000,2.000000,0.000000,1.000000,1.000000,1.000000,1.000000,0.000000,0.000000,1.000000,2.000000,1.000000,4.000000,5.000000,1.000000,3.000000,2.000000,2.000000,1.000000,1.000000,3.000000,1.000000,3.000000,0.000000,0.000000,1.000000,2.000000,3.000000,2.000000,3.000000,1.000000,1.000000,3.000000,1.000000,1.000000,2.000000,0.000000,0.000000,1.000000,1.000000,1.000000,1.000000,3.000000,2.000000,0.000000,1.000000,1.000000,2.000000,0.000000,1.000000,2.000000,0.000000,0.000000,1.000000,0.000000,1.000000,1.000000,1.000000,2.000000,1.000000,0.000000,0.000000,1.000000,0.000000,1.000000,1.000000,0.000000,0.000000,0.000000,0.000000,0.000000,0.000000,0.000000,0.000000,0.000000,2.000000,0.000000,0.000000,1.000000,0.000000,0.000000,1.000000,0.000000,0.000000,0.000000,0.000000,3968.000000,5.768951
0.000000,6.000000,0.000000,3.000000,4.000000,5.000000,2.000000,0.000000,2.000000,3.000000,8.000000,5.000000,0.000000,5.000000,5.000000,3.000000,0.000000,0.000000,2.000000,6.000000,2.000000,3.000000,5.000000,1.000000,1.000000,1.000000,0.000000,2.000000,0.000000,2.000000,0.000000,0.000000,4.000000,3.000000,1.000000,1.000000,0.000000,3.000000,1.000000,0.000000,0.000000,0.000000,0.000000,0.000000,0.000000,0.000000,0.000000,0.000000,0.000000,0.000000,0.000000,0.000000,0.000000,0.000000,0.000000,0.000000,0.000000,0.000000,0.000000,0.000000,0.000000,0.000000,0.000000,0.000000,0.000000,0.000000,1.000000,0.000000,0.000000,2.000000,0.000000,0.000000,0.000000,1.000000,0.000000,0.000000,1.000000,1.000000,1.000000,0.000000,0.000000,0.000000,0.000000,0.000000,0.000000,0.000000,0.000000,1.000000,0.000000,0.000000,0.000000,0.000000,0.000000,0.000000,2.000000,1.000000,0.000000,0.000000,0.000000,0.000000,2296.000000,3.338083
0.000000,1.000000,0.000000,0.000000,0.000000,0.000000,1.000000,0.000000,0.000000,1.000000,0.000000,0.000000,1.000000,0.000000,0.000000,0.000000,0.000000,0.000000,2.000000,2.000000,0.000000,3.000000,0.000000,1.000000,1.000000,0.000000,0.000000,1.000000,1.000000,1.000000,1.000000,0.000000,2.000000,1.000000,0.000000,0.000000,1.000000,1.000000,3.000000,0.000000,0.000000,3.000000,5.000000,4.000000,0.000000,2.000000,3.000000,2.000000,1.000000,5.000000,2.000000,2.000000,0.000000,2.000000,4.000000,4.000000,5.000000,9.000000,1.000000,5.000000,6.000000,0.000000,0.000000,0.000000,0.000000,1.000000,0.000000,0.000000,0.000000,1.000000,0.000000,1.000000,0.000000,1.000000,0.000000,0.000000,0.000000,0.000000,3.000000,0.000000,0.000000,0.000000,0.000000,0.000000,0.000000,0.000000,0.000000,0.000000,0.000000,0.000000,0.000000,1.000000,0.000000,0.000000,1.000000,1.000000,0.000000,0.000000,0.000000,0.000000,4772.000000,6.937862
3.000000,4.000000,2.000000,1.000000,0.000000,4.000000,3.000000,2.000000,2.000000,1.000000,2.000000,1.000000,6.000000,2.000000,5.000000,6.000000,2.000000,4.000000,4.000000,3.000000,2.000000,1.000000,2.000000,6.000000,2.000000,3.000000,2.000000,4.000000,7.000000,8.000000,3.000000,0.000000,1.000000,0.000000,2.000000,0.000000,0.000000,0.000000,0.000000,0.000000,0.000000,0.000000,0.000000,0.000000,0.000000,0.000000,0.000000,0.000000,0.000000,0.000000,0.000000,0.000000,0.000000,0.000000,0.000000,0.000000,0.000000,0.000000,0.000000,0.000000,0.000000,0.000000,0.000000,0.000000,0.000000,0.000000,0.000000,0.000000,0.000000,0.000000,0.000000,0.000000,0.000000,0.000000,0.000000,0.000000,0.000000,0.000000,0.000000,0.000000,0.000000,0.000000,0.000000,0.000000,0.000000,0.000000,0.000000,0.000000,0.000000,0.000000,0.000000,0.000000,0.000000,0.000000,0.000000,0.000000,0.000000,0.000000,0.000000,0.000000,1750.000000,2.544270
82.000000,14.000000,2.000000,2.000000,0.000000,0.000000,0.000000,0.000000,0.000000,0.000000,0.000000,0.000000,0.000000,0.000000,0.000000,0.000000,0.000000,0.000000,0.000000,0.000000,0.000000,0.000000,0.000000,0.000000,0.000000,0.000000,0.000000,0.000000,0.000000,0.000000,0.000000,0.000000,0.000000,0.000000,0.000000,0.000000,0.000000,0.000000,0.000000,0.000000,0.000000,0.000000,0.000000,0.000000,0.000000,0.000000,0.000000,0.000000,0.000000,0.000000,0.000000,0.000000,0.000000,0.000000,0.000000,0.000000,0.000000,0.000000,0.000000,0.000000,0.000000,0.000000,0.000000,0.000000,0.000000,0.000000,0.000000,0.000000,0.000000,0.000000,0.000000,0.000000,0.000000,0.000000,0.000000,0.000000,0.000000,0.000000,0.000000,0.000000,0.000000,0.000000,0.000000,0.000000,0.000000,0.000000,0.000000,0.000000,0.000000,0.000000,0.000000,0.000000,0.000000,0.000000,0.000000,0.000000,0.000000,0.000000,0.000000,0.000000,24.000000,0.034893
0.000000,1.000000,0.000000,0.000000,0.000000,3.000000,0.000000,0.000000,0.000000,0.000000,1.000000,1.000000,0.000000,1.000000,0.000000,0.000000,0.000000,0.000000,0.000000,0.000000,0.000000,1.000000,0.000000,0.000000,0.000000,1.000000,1.000000,0.000000,0.000000,0.000000,0.000000,2.000000,1.000000,2.000000,1.000000,3.000000,4.000000,11.000000,2.000000,5.000000,3.000000,4.000000,1.000000,1.000000,1.000000,1.000000,1.000000,3.000000,1.000000,2.000000,5.000000,3.000000,1.000000,1.000000,0.000000,0.000000,1.000000,6.000000,1.000000,1.000000,1.000000,1.000000,2.000000,1.000000,1.000000,0.000000,0.000000,2.000000,1.000000,0.000000,0.000000,1.000000,0.000000,3.000000,2.000000,0.000000,3.000000,0.000000,0.000000,1.000000,0.000000,0.000000,0.000000,0.000000,0.000000,0.000000,0.000000,1.000000,0.000000,1.000000,0.000000,0.000000,0.000000,0.000000,1.000000,0.000000,0.000000,0.000000,0.000000,0.000000,4646.000000,6.754674
0.000000,0.000000,2.000000,3.000000,0.000000,0.000000,0.000000,1.000000,0.000000,0.000000,1.000000,1.000000,0.000000,0.000000,0.000000,0.000000,1.000000,2.000000,1.000000,0.000000,0.000000,0.000000,0.000000,1.000000,1.000000,1.000000,0.000000,0.000000,2.000000,6.000000,3.000000,7.000000,5.000000,0.000000,2.000000,2.000000,2.000000,4.000000,1.000000,3.000000,0.000000,0.000000,4.000000,2.000000,1.000000,5.000000,2.000000,0.000000,0.000000,0.000000,4.000000,0.000000,1.000000,2.000000,0.000000,1.000000,1.000000,1.000000,1.000000,0.000000,0.000000,1.000000,2.000000,0.000000,2.000000,2.000000,1.000000,1.000000,2.000000,1.000000,1.000000,0.000000,0.000000,0.000000,1.000000,2.000000,1.000000,0.000000,1.000000,0.000000,0.000000,0.000000,0.000000,0.000000,1.000000,0.000000,0.000000,1.000000,0.000000,1.000000,0.000000,0.000000,0.000000,1.000000,0.000000,0.000000,1.000000,0.000000,0.000000,0.000000,4268.000000,6.205112
0.000000,2.000000,3.000000,2.000000,1.000000,3.000000,1.000000,3.000000,3.000000,0.000000,2.000000,0.000000,2.000000,1.000000,3.000000,4.000000,1.000000,7.000000,4.000000,6.000000,1.000000,1.000000,2.000000,4.000000,4.000000,2.000000,2.000000,2.000000,1.000000,1.000000,0.000000,1.000000,1.000000,2.000000,6.000000,0.000000,1.000000,1.000000,1.000000,2.000000,1.000000,0.000000,0.000000,0.000000,0.000000,0.000000,0.000000,0.000000,0.000000,0.000000,0.000000,0.000000,0.000000,0.000000,0.000000,0.000000,0.000000,0.000000,0.000000,0.000000,0.000000,1.000000,0.000000,0.000000,0.000000,0.000000,1.000000,0.000000,1.000000,4.000000,0.000000,1.000000,0.000000,0.000000,0.000000,1.000000,1.000000,0.000000,1.000000,0.000000,0.000000,0.000000,1.000000,0.000000,0.000000,0.000000,1.000000,0.000000,0.000000,0.000000,0.000000,0.000000,1.000000,1.000000,0.000000,0.000000,1.000000,0.000000,0.000000,0.000000,2832.000000,4.117356
553.000000,555.000000,356.000000,311.000000,288.000000,232.000000,235.000000,243.000000,186.000000,196.000000,179.000000,167.000000,162.000000,161.000000,175.000000,150.000000,163.000000,166.000000,175.000000,167.000000,156.000000,124.000000,124.000000,127.000000,130.000000,110.000000,111.000000,136.000000,128.000000,131.000000,116.000000,134.000000,154.000000,123.000000,152.000000,132.000000,116.000000,174.000000,142.000000,105.000000,109.000000,115.000000,124.000000,140.000000,111.000000,99.000000,98.000000,80.000000,76.000000,82.000000,80.000000,64.000000,69.000000,66.000000,65.000000,57.000000,81.000000,81.000000,56.000000,54.000000,59.000000,35.000000,53.000000,32.000000,30.000000,45.000000,36.000000,34.000000,35.000000,42.000000,29.000000,33.000000,31.000000,29.000000,23.000000,32.000000,28.000000,16.000000,17.000000,20.000000,13.000000,11.000000,15.000000,8.000000,14.000000,8.000000,11.000000,12.000000,9.000000,17.000000,7.000000,8.000000,5.000000,10.000000,15.000000,11.000000,11.000000,3.000000,1.000000,0.000000,0.000000,0.000000
5.530000,5.550000,3.560000,3.110000,2.880000,2.320000,2.350000,2.430000,1.860000,1.960000,1.790000,1.670000,1.620000,1.610000,1.750000,1.500000,1.630000,1.660000,1.750000,1.670000,1.560000,1.240000,1.240000,1.270000,1.300000,1.100000,1.110000,1.360000,1.280000,1.310000,1.160000,1.340000,1.540000,1.230000,1.520000,1.320000,1.160000,1.740000,1.420000,1.050000,1.090000,1.150000,1.240000,1.400000,1.110000,0.990000,0.980000,0.800000,0.760000,0.820000,0.800000,0.640000,0.690000,0.660000,0.650000,0.570000,0.810000,0.810000,0.560000,0.540000,0.590000,0.350000,0.530000,0.320000,0.300000,0.450000,0.360000,0.340000,0.350000,0.420000,0.290000,0.330000,0.310000,0.290000,0.230000,0.320000,0.280000,0.160000,0.170000,0.200000,0.130000,0.110000,0.150000,0.080000,0.140000,0.080000,0.110000,0.120000,0.090000,0.170000,0.070000,0.080000,0.050000,0.100000,0.150000,0.110000,0.110000,0.030000,0.010000,0.000000,0.000000,0.000000
