71,28,12,85,31,73,18,1,9,8,80,43,64,97,17,89,81,46,35,83,45,20,15,22,96,32,77,25,58,55,4,10,33,7,41,49,66,59,62,82,27,26,44,67,5,54,63,34,65,3,60,24,91,56,39,88,14,61,2,57,70,52,72,90,95,13,16,50,51,84,87,74,29,40,23,78,53,30,92,48,38,11,42,98,75,69,100,79,19,21,36,76,93,37,99,47,68,6,86,94,0,0,0,0,0,0,0,0,0,0,0,0,0,0,0,0,0,0,0,0,0,0,0,0,0,0,0,0,0,0,0,0,0,0,0,0,0,0,0,0,0,0,0
17,9,97,46,10,35,81,85,45,28,18,83,31,12,43,8,64,1,80,89,58,59,32,41,25,73,7,15,22,62,67,66,71,20,63,34,96,82,4,65,60,77,91,55,39,26,57,24,44,61,5,27,49,70,33,2,13,88,3,54,14,40,56,87,23,11,92,95,53,52,72,98,50,90,42,74,51,21,37,36,84,29,16,99,76,78,93,6,38,30,79,47,48,100,68,75,19,69,94,86,0,0,0,0,0,0,0,0,0,0,0,0,0,0,0,0,0,0,0,0,0,0,0,0,0,0,0,0,0,0,0,0,0,0,0,0,0,0,0,0,0,0,0
4,59,26,91,65,82,55,66,67,32,63,44,61,2,62,33,7,70,22,41,34,77,39,96,8,31,60,80,10,83,12,1,43,64,89,18,97,58,35,17,9,85,46,28,45,81,15,25,73,20,71,50,42,21,95,51,98,74,29,84,76,78,37,99,48,47,57,68,49,38,79,24,93,5,75,27,13,23,88,54,86,52,40,14,56,87,90,3,53,11,92,72,36,16,30,19,6,69,100,94,0,0,0,0,0,0,0,0,0,0,0,0,0,0,0,0,0,0,0,0,0,0,0,0,0,0,0,0,0,0,0,0,0,0,0,0,0,0,0,0,0,0,0
69,19,94,86,100,75,48,6,47,79,68,38,93,76,30,78,99,84,16,36,74,50,21,42,98,51,29,37,55,26,44,33,91,70,39,61,22,71,66,59,62,15,80,41,25,73,32,28,12,35,43,83,31,46,18,97,10,17,9,45,85,81,1,8,58,89,64,7,20,77,82,67,65,34,4,63,49,96,60,57,24,2,27,40,5,52,54,88,13,23,56,14,11,72,87,90,3,53,92,95,0,0,0,0,0,0,0,0,0,0,0,0,0,0,0,0,0,0,0,0,0,0,0,0,0,0,0,0,0,0,0,0,0,0,0,0,0,0,0,0,0,0,0
22,15,34,32,89,7,58,63,73,49,25,71,66,67,59,45,20,28,81,46,97,43,35,17,31,12,10,9,83,85,18,80,1,8,64,55,41,44,65,70,13,57,14,54,62,11,96,4,77,87,82,90,56,39,92,91,26,53,60,52,24,61,27,33,2,88,40,84,16,21,5,29,38,23,36,3,30,72,6,100,95,75,50,19,68,42,74,94,51,98,76,78,37,99,47,79,48,93,69,86,0,0,0,0,0,0,0,0,0,0,0,0,0,0,0,0,0,0,0,0,0,0,0,0,0,0,0,0,0,0,0,0,0,0,0,0,0,0,0,0,0,0,0
13,24,39,54,70,5,33,27,55,57,49,40,88,3,2,44,91,23,61,26,56,60,14,65,52,72,4,95,92,11,50,74,90,87,51,53,42,15,21,32,41,71,7,12,59,73,25,8,28,43,1,97,9,46,83,10,17,81,85,31,35,45,18,64,58,80,89,22,82,20,62,66,67,96,63,77,34,29,98,16,84,76,99,38,36,37,78,48,30,6,75,79,93,47,69,100,68,19,94,86,0,0,0,0,0,0,0,0,0,0,0,0,0,0,0,0,0,0,0,0,0,0,0,0,0,0,0,0,0,0,0,0,0,0,0,0,0,0,0,0,0,0,0
36,38,69,78,84,30,29,99,16,48,37,76,68,92,47,75,100,79,98,21,19,93,86,6,11,51,74,94,95,72,40,42,52,90,23,87,14,53,50,34,77,63,67,55,4,26,49,65,91,66,15,71,73,58,43,81,45,10,35,12,97,17,46,83,85,31,9,28,18,1,89,64,80,8,20,25,22,32,7,59,96,41,62,82,2,70,39,44,60,33,61,13,54,24,27,5,57,88,56,3,0,0,0,0,0,0,0,0,0,0,0,0,0,0,0,0,0,0,0,0,0,0,0,0,0,0,0,0,0,0,0,0,0,0,0,0,0,0,0,0,0,0,0
63,91,5,59,61,39,24,4,34,2,96,27,44,60,67,70,65,26,33,62,13,88,77,49,82,55,57,8,40,52,89,35,80,10,58,73,32,83,7,1,43,66,64,31,97,17,46,85,45,81,25,28,18,12,41,20,9,15,71,21,37,29,47,22,68,99,69,38,30,19,100,86,23,75,11,54,3,90,56,14,92,95,53,87,72,42,51,98,50,74,36,16,76,78,93,48,84,6,94,79,0,0,0,0,0,0,0,0,0,0,0,0,0,0,0,0,0,0,0,0,0,0,0,0,0,0,0,0,0,0,0,0,0,0,0,0,0,0,0,0,0,0,0
6,47,75,100,68,99,69,79,19,86,93,38,48,84,78,76,36,94,30,51,16,21,37,98,29,11,95,50,92,72,87,42,74,53,90,65,2,39,67,91,77,24,22,60,20,59,62,41,32,18,31,58,10,45,73,12,81,83,35,43,46,9,97,85,17,28,1,8,64,89,80,25,15,7,66,71,63,96,82,4,34,57,55,26,44,61,70,33,13,49,3,27,5,88,54,40,23,14,56,52,0,0,0,0,0,0,0,0,0,0,0,0,0,0,0,0,0,0,0,0,0,0,0,0,0,0,0,0,0,0,0,0,0,0,0,0,0,0,0,0,0,0,0
46,17,43,10,97,9,83,35,81,31,45,12,85,58,28,73,1,18,89,64,59,8,80,71,32,20,25,41,15,22,7,62,66,63,34,67,49,65,82,96,77,4,60,39,44,91,55,2,26,5,61,70,24,13,57,54,33,27,11,88,3,14,23,40,52,56,87,90,72,92,95,50,53,42,21,98,74,36,16,84,51,37,29,76,93,30,38,78,99,6,48,68,47,75,69,79,100,94,19,86,0,0,0,0,0,0,0,0,0,0,0,0,0,0,0,0,0,0,0,0,0,0,0,0,0,0,0,0,0,0,0,0,0,0,0,0,0,0,0,0,0,0,0
97,10,83,81,17,85,46,31,43,45,9,1,18,8,35,15,12,58,28,73,89,80,20,7,66,63,64,32,34,96,25,77,22,41,59,71,67,4,61,55,62,33,70,49,65,57,91,82,27,26,13,5,44,24,60,39,54,56,88,87,2,90,3,52,11,14,95,40,23,42,53,92,21,50,72,51,84,16,98,29,37,74,78,36,38,76,30,48,69,99,68,93,75,86,100,47,79,6,19,94,0,0,0,0,0,0,0,0,0,0,0,0,0,0,0,0,0,0,0,0,0,0,0,0,0,0,0,0,0,0,0,0,0,0,0,0,0,0,0,0,0,0,0
66,22,77,41,59,15,32,7,58,65,20,34,71,4,89,82,45,62,91,96,81,46,25,18,43,97,2,1,12,10,17,83,64,28,85,35,9,80,31,73,54,8,52,23,57,40,90,63,67,56,11,55,50,42,72,21,92,36,95,39,49,26,51,44,60,61,70,24,13,27,33,68,88,14,5,16,93,3,79,47,87,6,75,94,53,29,98,84,74,78,76,37,38,30,99,100,48,19,69,86,0,0,0,0,0,0,0,0,0,0,0,0,0,0,0,0,0,0,0,0,0,0,0,0,0,0,0,0,0,0,0,0,0,0,0,0,0,0,0,0,0,0,0
99,48,38,30,6,79,68,100,76,74,86,47,93,69,37,19,94,75,51,16,78,53,21,84,95,29,42,72,36,50,14,87,23,52,11,3,92,90,98,96,26,77,73,65,61,71,20,70,15,41,80,31,8,59,32,1,58,9,35,85,46,18,10,97,17,83,81,45,28,12,43,64,89,7,4,25,66,22,63,34,67,91,62,33,82,55,24,57,60,13,27,39,5,44,2,49,56,54,88,40,0,0,0,0,0,0,0,0,0,0,0,0,0,0,0,0,0,0,0,0,0,0,0,0,0,0,0,0,0,0,0,0,0,0,0,0,0,0,0,0,0,0,0
92,98,11,74,3,50,72,40,56,53,42,29,95,84,14,54,52,13,23,90,87,51,99,37,16,70,21,88,38,2,78,30,44,39,57,76,27,33,5,36,93,79,6,100,48,19,75,47,69,63,67,62,4,96,25,59,15,32,41,7,81,80,89,73,46,35,8,28,97,10,17,31,83,18,85,45,12,64,1,9,58,43,22,20,65,71,66,34,82,26,91,77,55,60,24,49,61,68,94,86,0,0,0,0,0,0,0,0,0,0,0,0,0,0,0,0,0,0,0,0,0,0,0,0,0,0,0,0,0,0,0,0,0,0,0,0,0,0,0,0,0,0,0
44,65,91,13,49,61,70,33,57,39,27,67,55,63,26,60,82,96,4,5,14,24,34,54,3,77,56,92,87,88,11,98,23,2,40,90,25,32,95,89,12,81,18,10,35,8,28,97,17,46,9,43,83,85,31,45,58,7,80,73,1,15,22,59,64,41,71,66,62,48,20,94,19,52,53,72,50,42,21,51,36,74,16,76,84,29,37,38,78,30,99,93,47,75,6,69,79,100,68,86,0,0,0,0,0,0,0,0,0,0,0,0,0,0,0,0,0,0,0,0,0,0,0,0,0,0,0,0,0,0,0,0,0,0,0,0,0,0,0,0,0,0,0
73,8,58,31,1,89,45,12,15,18,32,80,10,9,46,83,97,85,43,17,35,81,28,64,41,67,63,34,96,71,65,55,59,77,20,25,7,66,22,62,57,49,13,27,33,39,54,61,4,82,88,56,26,2,91,60,3,14,40,70,44,24,5,11,90,72,50,98,52,23,51,16,36,84,87,38,95,53,76,92,99,30,21,6,42,74,37,29,100,68,69,86,78,93,48,75,47,79,19,94,0,0,0,0,0,0,0,0,0,0,0,0,0,0,0,0,0,0,0,0,0,0,0,0,0,0,0,0,0,0,0,0,0,0,0,0,0,0,0,0,0,0,0
41,66,73,25,22,80,20,59,7,15,71,62,32,34,63,64,96,4,67,35,85,31,9,97,17,46,83,43,45,81,10,28,18,12,1,58,89,70,8,49,2,13,54,24,52,23,33,14,88,77,56,82,65,11,87,53,42,55,26,44,91,60,39,74,61,27,5,36,57,51,76,38,3,16,93,47,48,40,68,6,90,72,92,95,50,19,79,21,98,84,99,29,37,78,69,30,100,86,75,94,0,0,0,0,0,0,0,0,0,0,0,0,0,0,0,0,0,0,0,0,0,0,0,0,0,0,0,0,0,0,0,0,0,0,0,0,0,0,0,0,0,0,0
82,39,71,22,2,67,77,26,65,44,60,88,49,15,70,91,55,24,18,54,61,34,27,13,33,52,9,28,85,12,5,45,81,43,80,64,73,46,83,41,17,10,58,97,31,35,62,1,89,8,20,25,59,32,66,7,96,4,63,29,74,98,16,36,84,76,93,30,79,47,38,57,6,69,100,75,56,94,14,72,23,53,3,40,87,50,11,95,92,90,42,51,21,99,78,68,37,48,19,86,0,0,0,0,0,0,0,0,0,0,0,0,0,0,0,0,0,0,0,0,0,0,0,0,0,0,0,0,0,0,0,0,0,0,0,0,0,0,0,0,0,0,0
43,12,64,80,66,8,31,58,25,59,89,20,41,1,65,62,10,97,83,22,9,17,18,46,45,85,81,35,28,32,73,15,82,71,2,7,39,91,24,5,55,40,23,52,4,61,67,77,96,34,63,11,14,57,26,49,60,87,44,33,90,27,50,42,72,36,74,54,47,88,70,3,56,13,29,93,68,76,95,19,53,92,100,79,86,75,98,21,84,51,16,37,99,30,78,38,6,48,69,94,0,0,0,0,0,0,0,0,0,0,0,0,0,0,0,0,0,0,0,0,0,0,0,0,0,0,0,0,0,0,0,0,0,0,0,0,0,0,0,0,0,0,0
58,20,15,71,45,18,73,89,64,80,22,25,7,28,1,85,66,10,46,81,83,62,17,35,97,9,43,31,8,26,55,41,12,65,32,59,44,61,27,2,70,34,67,82,63,96,77,33,49,40,54,4,88,72,52,57,91,60,39,50,11,53,24,21,42,5,13,51,98,16,23,78,14,56,3,92,87,95,90,30,79,68,38,100,74,48,69,37,84,36,94,29,76,99,47,6,75,93,86,19,0,0,0,0,0,0,0,0,0,0,0,0,0,0,0,0,0,0,0,0,0,0,0,0,0,0,0,0,0,0,0,0,0,0,0,0,0,0,0,0,0,0,0
34,60,49,61,67,33,82,88,91,5,70,22,26,7,44,63,27,2,77,24,57,96,55,4,39,65,3,62,13,54,14,18,56,52,8,40,83,64,85,28,81,43,17,9,1,10,35,46,97,45,31,58,71,73,89,12,20,80,15,32,25,59,66,41,37,68,30,79,36,69,99,48,47,6,23,11,90,92,53,95,51,50,72,87,21,98,42,16,74,76,84,93,78,29,38,19,75,86,100,94,0,0,0,0,0,0,0,0,0,0,0,0,0,0,0,0,0,0,0,0,0,0,0,0,0,0,0,0,0,0,0,0,0,0,0,0,0,0,0,0,0,0,0
20,49,66,7,71,25,96,64,62,63,59,32,34,22,15,41,67,77,73,82,4,9,85,31,1,45,17,83,46,43,97,12,58,35,81,10,28,89,18,8,80,27,88,5,54,56,3,92,95,65,52,14,90,55,16,26,72,51,21,61,50,91,60,2,33,57,39,70,44,24,13,40,30,74,48,23,75,87,69,68,100,53,11,86,94,42,84,29,98,37,78,36,76,93,99,47,38,6,79,19,0,0,0,0,0,0,0,0,0,0,0,0,0,0,0,0,0,0,0,0,0,0,0,0,0,0,0,0,0,0,0,0,0,0,0,0,0,0,0,0,0,0,0
55,26,57,5,27,40,39,24,23,88,13,2,3,33,60,96,61,65,56,77,70,14,49,11,4,54,91,44,50,95,53,87,52,72,92,98,74,90,25,64,15,1,41,32,7,9,80,35,46,97,17,85,45,83,8,18,81,28,12,10,31,43,58,89,73,62,66,59,20,22,67,63,82,71,34,29,42,51,21,37,30,36,99,84,16,78,76,68,47,100,86,6,19,38,79,93,48,75,94,69,0,0,0,0,0,0,0,0,0,0,0,0,0,0,0,0,0,0,0,0,0,0,0,0,0,0,0,0,0,0,0,0,0,0,0,0,0,0,0,0,0,0,0
78,30,93,6,79,47,48,19,38,100,99,68,76,75,36,86,69,51,94,16,98,42,84,29,37,21,50,92,90,3,87,95,11,74,40,53,72,67,82,65,2,4,55,91,26,60,44,22,32,59,39,18,41,7,15,25,8,64,12,1,28,83,43,46,9,10,81,97,85,17,35,31,45,80,58,89,73,62,20,66,63,96,71,34,77,57,24,61,5,27,33,88,70,49,13,14,56,23,52,54,0,0,0,0,0,0,0,0,0,0,0,0,0,0,0,0,0,0,0,0,0,0,0,0,0,0,0,0,0,0,0,0,0,0,0,0,0,0,0,0,0,0,0
40,27,56,11,23,14,3,52,54,72,50,57,87,90,53,92,95,42,21,13,74,98,88,33,55,2,44,16,39,61,91,60,24,26,5,36,70,99,76,37,51,84,29,79,41,25,32,22,66,7,15,20,62,59,18,58,64,71,81,12,46,83,1,9,17,10,97,43,35,28,31,45,85,8,73,80,89,82,65,96,49,67,4,34,77,63,78,94,30,93,38,68,47,48,75,6,100,69,19,86,0,0,0,0,0,0,0,0,0,0,0,0,0,0,0,0,0,0,0,0,0,0,0,0,0,0,0,0,0,0,0,0,0,0,0,0,0,0,0,0,0,0,0
12,85,35,28,8,45,97,9,17,10,46,18,43,83,31,81,41,73,32,80,64,1,89,59,67,58,15,65,66,82,63,25,7,62,4,96,22,20,57,39,34,55,77,71,24,70,44,26,60,33,91,49,61,54,27,14,5,2,23,13,88,56,11,3,40,98,52,92,87,74,84,53,72,36,95,42,90,50,99,38,6,16,51,29,21,37,76,100,93,48,78,19,30,69,79,86,47,68,75,94,0,0,0,0,0,0,0,0,0,0,0,0,0,0,0,0,0,0,0,0,0,0,0,0,0,0,0,0,0,0,0,0,0,0,0,0,0,0,0,0,0,0,0
67,25,82,65,34,63,4,44,60,55,77,26,2,49,91,7,39,61,70,57,54,22,24,27,81,13,5,18,52,23,33,88,45,89,28,43,56,17,58,10,46,12,97,35,83,1,73,80,9,31,85,64,8,15,32,41,71,66,20,59,62,96,84,98,36,30,38,93,6,79,78,75,48,94,86,40,92,14,11,90,3,42,87,21,53,72,50,95,51,16,29,37,74,76,68,47,19,69,99,100,0,0,0,0,0,0,0,0,0,0,0,0,0,0,0,0,0,0,0,0,0,0,0,0,0,0,0,0,0,0,0,0,0,0,0,0,0,0,0,0,0,0,0
79,37,78,99,30,51,50,48,21,76,68,75,84,16,6,100,29,95,93,98,53,47,90,74,42,19,11,69,36,86,94,3,38,87,23,92,14,72,40,56,91,4,32,63,82,80,77,12,8,58,89,31,22,10,43,83,64,7,1,97,9,28,17,46,18,85,81,45,35,71,15,41,73,59,25,20,66,67,62,96,34,60,55,2,57,49,26,61,24,33,70,44,5,39,65,27,54,88,13,52,0,0,0,0,0,0,0,0,0,0,0,0,0,0,0,0,0,0,0,0,0,0,0,0,0,0,0,0,0,0,0,0,0,0,0,0,0,0,0,0,0,0,0
8,58,80,89,64,32,7,18,41,1,43,15,59,25,83,22,62,81,9,10,17,85,97,28,71,35,46,12,82,45,31,73,26,44,33,70,65,39,67,20,66,5,61,34,2,49,13,96,63,4,3,77,55,91,40,23,95,72,24,53,60,92,98,51,27,50,84,29,37,57,54,76,99,88,56,14,52,11,87,90,93,38,48,21,47,6,42,36,86,74,16,78,30,79,75,68,19,69,100,94,0,0,0,0,0,0,0,0,0,0,0,0,0,0,0,0,0,0,0,0,0,0,0,0,0,0,0,0,0,0,0,0,0,0,0,0,0,0,0,0,0,0,0
39,88,33,52,57,27,61,55,2,24,26,70,13,54,3,14,44,91,5,95,77,65,11,60,49,56,82,40,90,53,87,72,74,23,42,51,84,50,15,71,25,22,20,45,85,18,81,73,64,9,46,35,17,28,12,31,97,10,83,43,58,89,8,1,80,34,41,7,66,62,96,32,59,63,4,67,92,98,29,21,36,16,37,78,76,79,30,38,68,93,48,47,99,6,100,86,69,75,94,19,0,0,0,0,0,0,0,0,0,0,0,0,0,0,0,0,0,0,0,0,0,0,0,0,0,0,0,0,0,0,0,0,0,0,0,0,0,0,0,0,0,0,0
74,29,16,84,36,76,51,37,93,38,78,30,72,98,48,21,79,68,99,42,50,95,52,92,6,53,69,56,14,100,75,86,27,54,88,11,40,23,90,3,87,94,47,19,77,96,73,82,26,71,34,2,4,67,63,91,18,28,64,85,45,35,9,46,17,83,12,97,81,31,1,10,8,43,58,15,89,80,32,20,41,66,22,62,59,7,25,65,70,60,39,33,24,55,44,57,49,61,13,5,0,0,0,0,0,0,0,0,0,0,0,0,0,0,0,0,0,0,0,0,0,0,0,0,0,0,0,0,0,0,0,0,0,0,0,0,0,0,0,0,0,0,0
19,100,68,94,69,86,6,75,79,93,47,48,38,30,78,76,16,36,74,29,99,37,21,98,84,72,50,42,92,51,49,77,55,26,91,60,61,66,71,20,22,96,63,89,59,41,25,64,1,8,45,18,85,81,97,46,17,9,10,43,35,83,28,31,12,80,58,73,7,32,15,62,82,67,34,4,2,65,57,39,44,24,27,33,70,88,5,40,23,13,87,54,3,14,56,52,11,90,53,95,0,0,0,0,0,0,0,0,0,0,0,0,0,0,0,0,0,0,0,0,0,0,0,0,0,0,0,0,0,0,0,0,0,0,0,0,0,0,0,0,0,0,0
85,81,46,83,9,10,28,43,1,97,17,45,35,80,18,31,8,32,12,58,73,64,7,15,89,41,59,22,25,63,66,20,67,34,96,62,71,77,60,57,4,61,82,65,49,5,24,44,91,55,26,33,39,27,70,13,2,3,56,92,54,87,88,23,14,40,11,53,95,50,90,42,52,98,51,72,21,37,78,16,74,36,76,84,29,99,48,68,6,47,93,30,100,38,86,19,75,79,69,94,0,0,0,0,0,0,0,0,0,0,0,0,0,0,0,0,0,0,0,0,0,0,0,0,0,0,0,0,0,0,0,0,0,0,0,0,0,0,0,0,0,0,0
94,19,86,69,75,100,48,68,79,93,47,6,38,30,78,76,99,29,36,16,37,21,51,84,42,50,98,74,26,2,61,39,24,91,60,70,5,44,20,34,66,62,32,15,89,71,73,1,45,18,31,43,85,83,10,17,97,46,81,9,64,35,28,80,8,58,12,41,59,22,7,4,25,82,63,96,77,65,67,55,49,33,57,27,53,11,88,13,52,54,3,23,56,40,14,95,90,87,72,92,0,0,0,0,0,0,0,0,0,0,0,0,0,0,0,0,0,0,0,0,0,0,0,0,0,0,0,0,0,0,0,0,0,0,0,0,0,0,0,0,0,0,0
29,36,84,16,76,38,78,51,99,47,30,21,40,95,72,98,56,93,42,92,69,11,74,19,14,50,52,53,37,48,90,27,100,3,79,57,87,75,88,94,68,54,6,86,4,65,77,67,66,82,20,62,34,1,7,96,15,41,18,28,58,45,81,43,46,80,85,8,35,17,97,83,9,64,10,12,89,31,25,59,73,32,22,71,63,61,91,26,55,24,39,70,33,5,44,2,60,49,13,23,0,0,0,0,0,0,0,0,0,0,0,0,0,0,0,0,0,0,0,0,0,0,0,0,0,0,0,0,0,0,0,0,0,0,0,0,0,0,0,0,0,0,0
89,7,31,73,80,1,59,32,8,25,28,64,58,35,10,97,17,41,45,85,46,83,81,43,12,96,18,63,77,4,9,71,55,33,15,65,26,67,91,66,22,20,24,62,70,34,82,60,13,49,87,54,2,3,44,95,23,52,92,11,5,74,57,39,98,51,61,27,88,37,56,14,78,76,40,90,38,48,42,53,21,69,72,75,19,50,94,86,29,36,16,99,84,30,93,79,6,68,47,100,0,0,0,0,0,0,0,0,0,0,0,0,0,0,0,0,0,0,0,0,0,0,0,0,0,0,0,0,0,0,0,0,0,0,0,0,0,0,0,0,0,0,0
86,75,6,93,19,68,79,30,48,69,47,100,94,38,78,76,36,99,84,37,29,98,16,51,74,42,53,90,72,92,21,95,87,50,55,26,77,82,65,60,39,4,67,70,25,22,62,80,73,89,41,15,64,58,31,45,85,17,9,46,10,97,35,28,18,81,12,83,43,8,1,32,34,7,63,59,20,66,71,96,88,27,91,49,44,57,33,24,61,14,5,2,56,11,13,3,54,52,23,40,0,0,0,0,0,0,0,0,0,0,0,0,0,0,0,0,0,0,0,0,0,0,0,0,0,0,0,0,0,0,0,0,0,0,0,0,0,0,0,0,0,0,0
31,73,41,1,15,64,12,28,80,20,35,8,89,85,66,46,9,17,97,45,62,10,83,81,18,71,34,82,43,58,96,2,77,25,26,32,60,7,59,22,63,70,27,33,13,88,65,67,54,52,4,23,3,53,55,11,56,44,91,24,61,39,49,57,5,42,51,16,29,14,74,87,37,93,78,84,72,99,30,50,40,95,90,92,98,21,86,69,94,36,76,38,48,47,79,100,68,6,19,75,0,0,0,0,0,0,0,0,0,0,0,0,0,0,0,0,0,0,0,0,0,0,0,0,0,0,0,0,0,0,0,0,0,0,0,0,0,0,0,0,0,0,0
57,33,61,27,13,55,91,5,49,26,24,77,65,70,39,88,60,14,54,3,44,56,87,66,2,23,62,11,95,92,40,58,72,90,52,15,18,42,32,7,64,45,31,43,8,46,9,10,83,85,12,81,28,97,17,35,89,1,73,71,80,22,63,25,67,59,96,20,41,34,4,82,68,6,94,100,50,74,53,51,84,21,16,29,98,37,78,76,99,30,36,47,93,79,69,38,75,19,48,86,0,0,0,0,0,0,0,0,0,0,0,0,0,0,0,0,0,0,0,0,0,0,0,0,0,0,0,0,0,0,0,0,0,0,0,0,0,0,0,0,0,0,0
96,63,25,4,62,34,67,20,77,71,41,49,15,73,7,32,22,59,82,61,66,28,65,12,35,8,26,17,1,9,85,89,97,46,83,81,10,31,45,43,58,18,80,64,56,13,52,90,3,23,53,42,21,51,29,50,16,92,84,55,98,76,70,5,91,44,2,60,33,39,24,88,27,57,54,79,69,14,11,40,75,19,87,72,95,74,38,37,99,36,48,30,47,78,68,93,6,86,100,94,0,0,0,0,0,0,0,0,0,0,0,0,0,0,0,0,0,0,0,0,0,0,0,0,0,0,0,0,0,0,0,0,0,0,0,0,0,0,0,0,0,0,0
32,41,62,58,20,59,66,15,22,7,82,4,8,96,77,80,71,34,65,63,67,18,43,83,64,10,31,45,81,97,46,17,9,85,35,28,12,1,89,25,24,73,40,2,27,14,23,52,56,11,72,95,53,87,3,90,55,91,61,26,39,57,42,49,44,29,60,33,70,5,88,99,13,78,30,54,47,68,93,75,69,50,86,92,51,98,74,21,37,16,84,36,76,38,19,79,100,6,48,94,0,0,0,0,0,0,0,0,0,0,0,0,0,0,0,0,0,0,0,0,0,0,0,0,0,0,0,0,0,0,0,0,0,0,0,0,0,0,0,0,0,0,0
56,53,54,88,52,23,27,11,14,61,90,24,5,40,13,3,72,33,26,44,55,39,95,42,87,49,92,60,2,91,70,82,57,50,16,29,21,51,84,98,74,36,22,15,64,32,18,20,8,71,41,73,43,9,81,83,10,45,28,17,97,31,46,35,85,58,12,1,89,80,34,59,66,7,25,65,96,62,63,77,67,4,37,30,79,76,99,38,78,93,6,68,48,47,75,100,86,69,19,94,0,0,0,0,0,0,0,0,0,0,0,0,0,0,0,0,0,0,0,0,0,0,0,0,0,0,0,0,0,0,0,0,0,0,0,0,0,0,0,0,0,0,0
76,99,98,38,78,48,100,84,30,6,79,16,47,36,75,93,92,19,37,69,51,21,50,68,29,94,86,74,42,87,90,72,53,11,95,82,67,65,91,63,61,60,7,4,77,55,80,71,59,58,43,25,8,10,81,18,83,17,85,97,9,35,46,28,45,12,31,64,1,89,32,73,15,41,22,62,96,66,20,34,33,57,26,44,39,70,88,24,49,5,14,2,27,54,40,13,3,23,56,52,0,0,0,0,0,0,0,0,0,0,0,0,0,0,0,0,0,0,0,0,0,0,0,0,0,0,0,0,0,0,0,0,0,0,0,0,0,0,0,0,0,0,0
60,2,55,96,91,77,26,61,20,4,62,65,57,44,33,24,70,39,34,66,49,71,5,82,63,27,23,54,73,1,8,13,31,58,9,80,15,35,28,46,97,83,85,17,18,45,12,43,10,64,81,89,32,41,22,25,7,59,67,16,51,95,78,76,29,37,99,48,68,6,30,47,100,86,88,19,94,69,3,52,14,40,53,56,72,11,87,90,42,50,92,21,74,98,36,84,38,93,79,75,0,0,0,0,0,0,0,0,0,0,0,0,0,0,0,0,0,0,0,0,0,0,0,0,0,0,0,0,0,0,0,0,0,0,0,0,0,0,0,0,0,0,0
38,78,95,51,21,16,37,76,29,84,74,99,30,11,42,72,6,98,36,50,75,40,92,90,69,48,100,87,79,93,19,53,68,47,14,13,3,52,23,56,86,94,59,63,34,67,62,96,49,4,32,58,89,73,15,1,31,7,10,45,35,85,28,9,46,17,97,81,12,83,43,18,71,8,80,22,64,41,20,25,57,55,66,33,77,82,60,70,27,44,65,26,61,91,5,39,24,88,54,2,0,0,0,0,0,0,0,0,0,0,0,0,0,0,0,0,0,0,0,0,0,0,0,0,0,0,0,0,0,0,0,0,0,0,0,0,0,0,0,0,0,0,0
5,3,52,33,54,13,88,2,90,11,14,87,24,39,57,27,26,44,95,56,23,70,60,63,91,61,49,55,53,40,72,42,84,51,21,92,98,29,50,80,59,89,32,20,66,7,64,58,31,1,8,10,73,17,43,97,83,9,46,45,85,35,81,28,12,18,15,71,34,96,22,25,62,41,82,4,67,65,77,37,74,30,16,99,36,68,76,38,78,93,48,75,47,6,86,69,79,19,100,94,0,0,0,0,0,0,0,0,0,0,0,0,0,0,0,0,0,0,0,0,0,0,0,0,0,0,0,0,0,0,0,0,0,0,0,0,0,0,0,0,0,0,0
52,23,14,72,40,3,57,54,11,56,87,13,90,50,95,53,5,74,2,33,88,92,44,61,21,39,24,91,55,60,27,70,49,37,84,42,76,98,51,78,16,29,99,7,22,20,71,62,59,41,58,8,10,43,64,89,28,83,45,35,18,17,97,46,9,81,85,31,12,1,73,15,80,66,32,25,82,26,96,65,63,4,67,77,34,36,69,68,38,48,47,30,93,79,75,6,19,100,86,94,0,0,0,0,0,0,0,0,0,0,0,0,0,0,0,0,0,0,0,0,0,0,0,0,0,0,0,0,0,0,0,0,0,0,0,0,0,0,0,0,0,0,0
45,46,18,64,35,17,1,81,97,85,83,31,9,10,80,28,89,43,58,12,15,41,8,73,59,66,20,7,62,34,32,4,25,22,71,77,82,96,63,26,65,67,39,60,61,24,70,91,55,27,2,44,57,23,88,33,52,5,49,40,13,54,87,14,53,3,56,11,42,72,92,90,95,51,76,50,36,74,29,37,98,21,84,68,78,93,47,16,79,19,30,99,86,6,38,48,94,100,75,69,0,0,0,0,0,0,0,0,0,0,0,0,0,0,0,0,0,0,0,0,0,0,0,0,0,0,0,0,0,0,0,0,0,0,0,0,0,0,0,0,0,0,0
27,52,40,57,88,54,14,23,24,87,11,33,56,26,55,61,13,90,72,39,3,5,70,50,53,60,42,49,44,21,95,91,92,98,29,2,16,84,74,51,20,37,66,1,71,22,7,15,32,59,73,31,12,18,45,9,43,35,89,97,17,46,83,10,28,85,80,81,64,8,58,41,25,65,96,62,77,34,82,4,63,67,68,76,36,78,47,99,30,100,19,69,38,79,93,6,48,75,86,94,0,0,0,0,0,0,0,0,0,0,0,0,0,0,0,0,0,0,0,0,0,0,0,0,0,0,0,0,0,0,0,0,0,0,0,0,0,0,0,0,0,0,0
62,34,22,20,7,71,15,41,59,73,66,89,80,32,58,25,4,35,63,67,82,45,96,85,46,17,97,10,9,31,81,43,28,83,18,12,1,8,64,33,44,88,2,13,14,52,56,23,11,53,77,65,72,95,42,87,90,49,70,60,26,55,61,91,24,39,27,57,5,54,40,30,16,3,38,68,6,93,75,79,92,94,69,50,48,98,21,51,74,84,37,29,36,76,99,78,47,19,100,86,0,0,0,0,0,0,0,0,0,0,0,0,0,0,0,0,0,0,0,0,0,0,0,0,0,0,0,0,0,0,0,0,0,0,0,0,0,0,0,0,0,0,0
3,56,53,90,87,72,11,95,42,29,54,23,52,14,92,40,74,21,50,27,93,36,37,44,88,30,33,2,61,5,49,39,70,24,13,60,57,68,99,76,84,98,51,16,38,66,47,32,22,25,62,59,34,20,58,71,80,18,64,81,28,1,85,45,10,9,46,97,17,83,35,43,31,12,89,8,73,15,41,82,96,65,7,26,63,77,4,67,91,55,78,79,19,48,69,6,75,86,100,94,0,0,0,0,0,0,0,0,0,0,0,0,0,0,0,0,0,0,0,0,0,0,0,0,0,0,0,0,0,0,0,0,0,0,0,0,0,0,0,0,0,0,0
95,11,72,23,50,87,90,53,92,13,40,42,14,52,56,51,21,57,3,74,37,29,98,84,54,36,88,33,70,16,39,78,5,27,61,24,2,48,44,99,76,38,93,30,47,68,59,69,15,79,75,66,22,62,73,96,41,58,77,20,10,28,31,80,45,8,35,46,83,17,97,85,9,81,43,1,64,18,12,89,7,25,32,63,71,34,82,65,4,67,26,60,91,49,55,6,19,100,86,94,0,0,0,0,0,0,0,0,0,0,0,0,0,0,0,0,0,0,0,0,0,0,0,0,0,0,0,0,0,0,0,0,0,0,0,0,0,0,0,0,0,0,0
90,92,42,87,74,98,53,29,95,50,72,11,21,56,51,23,14,40,52,36,84,37,16,93,44,3,55,38,49,24,57,76,54,70,60,5,13,88,30,6,47,99,78,48,68,79,69,75,19,22,7,34,41,82,59,62,63,89,43,25,32,81,80,58,83,97,17,85,10,35,46,12,28,9,45,31,1,8,18,73,64,15,20,71,66,96,67,4,65,39,77,91,26,61,2,27,33,100,86,94,0,0,0,0,0,0,0,0,0,0,0,0,0,0,0,0,0,0,0,0,0,0,0,0,0,0,0,0,0,0,0,0,0,0,0,0,0,0,0,0,0,0,0
2,70,44,60,39,26,63,49,88,67,33,91,82,55,61,65,24,27,59,4,5,13,62,34,77,57,96,52,54,80,23,14,10,73,43,31,58,12,41,45,83,97,35,85,46,28,17,9,81,18,89,71,64,1,15,8,32,20,22,66,21,7,25,84,76,38,37,78,93,99,6,69,75,19,48,86,100,11,87,90,56,3,40,95,42,72,53,92,50,74,98,51,29,16,36,68,30,79,47,94,0,0,0,0,0,0,0,0,0,0,0,0,0,0,0,0,0,0,0,0,0,0,0,0,0,0,0,0,0,0,0,0,0,0,0,0,0,0,0,0,0,0,0
7,82,4,34,63,96,62,65,26,22,67,59,77,41,25,39,32,60,44,91,20,55,2,24,61,81,8,89,80,35,1,64,83,17,45,97,46,43,10,85,28,58,9,18,73,15,31,12,71,66,23,40,92,98,74,29,21,11,51,49,95,36,76,37,99,70,47,5,78,68,93,27,57,33,6,13,54,88,52,3,56,90,14,53,72,50,87,42,16,30,84,38,48,79,75,19,69,86,100,94,0,0,0,0,0,0,0,0,0,0,0,0,0,0,0,0,0,0,0,0,0,0,0,0,0,0,0,0,0,0,0,0,0,0,0,0,0,0,0,0,0,0,0
42,90,51,92,53,21,87,36,74,37,16,95,98,23,5,52,11,50,29,84,99,3,93,78,48,14,79,70,76,44,13,24,40,60,68,47,54,56,33,88,72,30,86,59,69,89,38,100,6,75,96,63,66,80,82,34,67,25,8,1,20,62,41,31,35,64,28,17,43,97,85,83,12,10,46,58,9,81,73,45,18,7,15,32,22,91,77,71,2,4,65,57,61,55,26,39,27,49,19,94,0,0,0,0,0,0,0,0,0,0,0,0,0,0,0,0,0,0,0,0,0,0,0,0,0,0,0,0,0,0,0,0,0,0,0,0,0,0,0,0,0,0,0
64,89,81,8,12,28,80,73,83,35,58,17,97,46,9,43,85,45,10,1,18,66,31,25,20,7,41,77,71,15,34,65,32,59,62,91,55,22,2,63,39,24,96,4,82,67,60,5,33,54,70,26,40,52,49,44,61,23,90,27,57,50,53,13,88,21,72,14,3,56,98,36,51,87,92,11,76,29,47,78,48,42,95,74,37,79,84,75,16,93,38,100,99,30,94,68,6,19,69,86,0,0,0,0,0,0,0,0,0,0,0,0,0,0,0,0,0,0,0,0,0,0,0,0,0,0,0,0,0,0,0,0,0,0,0,0,0,0,0,0,0,0,0
49,96,67,77,60,4,71,62,63,66,5,61,73,20,41,59,34,82,55,65,91,57,22,70,26,1,28,24,33,89,45,31,88,13,97,46,17,10,81,83,85,35,43,58,9,12,8,18,80,15,64,32,25,7,11,42,51,21,52,37,29,2,74,16,30,84,78,44,39,36,27,93,54,68,14,69,40,19,48,86,94,56,3,87,23,72,92,95,90,53,50,98,38,76,99,79,47,6,100,75,0,0,0,0,0,0,0,0,0,0,0,0,0,0,0,0,0,0,0,0,0,0,0,0,0,0,0,0,0,0,0,0,0,0,0,0,0,0,0,0,0,0,0
72,14,23,40,56,88,54,13,52,27,3,5,53,57,90,50,42,92,87,11,95,2,33,39,51,26,70,21,24,49,60,44,61,16,76,74,29,37,78,84,30,15,25,98,32,71,20,41,34,73,22,12,31,58,28,66,1,85,10,46,9,97,17,81,43,83,45,35,18,89,64,80,8,59,7,63,62,96,55,91,65,77,82,67,4,99,36,47,68,94,38,86,48,93,100,79,6,75,69,19,0,0,0,0,0,0,0,0,0,0,0,0,0,0,0,0,0,0,0,0,0,0,0,0,0,0,0,0,0,0,0,0,0,0,0,0,0,0,0,0,0,0,0
93,76,30,36,99,6,38,47,79,78,19,84,51,68,100,48,75,29,16,37,42,86,69,94,98,50,74,21,40,3,72,53,92,14,56,95,11,87,90,65,4,55,66,82,67,26,96,32,25,39,34,64,2,12,41,59,31,28,45,18,80,81,46,9,97,17,35,10,43,85,83,1,8,58,89,73,62,15,22,20,71,63,7,77,91,60,88,24,5,27,57,33,61,44,70,49,13,23,54,52,0,0,0,0,0,0,0,0,0,0,0,0,0,0,0,0,0,0,0,0,0,0,0,0,0,0,0,0,0,0,0,0,0,0,0,0,0,0,0,0,0,0,0
35,83,10,43,85,97,9,17,12,46,31,81,28,45,73,71,18,8,64,25,7,32,59,1,58,89,80,96,41,67,62,63,20,15,22,66,91,55,49,34,33,82,4,57,77,60,26,65,2,24,44,13,5,61,54,70,40,39,72,23,27,88,14,50,87,92,3,74,11,95,52,56,98,21,90,37,42,84,53,51,16,78,99,48,36,38,29,76,75,100,6,69,79,93,47,30,68,86,19,94,0,0,0,0,0,0,0,0,0,0,0,0,0,0,0,0,0,0,0,0,0,0,0,0,0,0,0,0,0,0,0,0,0,0,0,0,0,0,0,0,0,0,0
14,87,3,56,72,52,95,74,27,54,88,53,23,13,98,11,40,37,92,70,90,50,42,29,36,24,99,51,60,33,44,5,39,57,49,84,47,76,38,93,21,78,30,19,16,62,41,71,20,6,59,80,96,22,1,28,12,64,35,8,89,85,9,17,97,46,83,45,81,31,10,18,43,25,58,73,7,32,15,66,4,34,82,65,26,67,63,77,55,91,61,2,94,48,68,79,69,86,100,75,0,0,0,0,0,0,0,0,0,0,0,0,0,0,0,0,0,0,0,0,0,0,0,0,0,0,0,0,0,0,0,0,0,0,0,0,0,0,0,0,0,0,0
15,18,32,66,41,20,22,82,71,62,12,58,4,77,34,10,59,7,31,2,43,63,67,91,9,83,45,85,64,46,28,81,8,97,73,1,80,26,17,35,89,25,57,88,40,33,53,56,61,96,65,39,11,14,90,55,87,95,50,42,92,51,21,72,74,24,44,49,60,13,36,84,70,27,99,5,23,52,54,93,3,79,68,47,6,94,76,16,98,29,78,38,37,100,75,30,69,48,19,86,0,0,0,0,0,0,0,0,0,0,0,0,0,0,0,0,0,0,0,0,0,0,0,0,0,0,0,0,0,0,0,0,0,0,0,0,0,0,0,0,0,0,0
37,51,50,21,98,42,36,16,84,3,95,92,74,53,99,90,78,52,11,40,27,72,29,56,23,87,30,93,69,76,88,38,13,5,24,54,14,47,70,48,79,19,75,68,100,86,94,6,96,63,67,65,77,34,62,73,20,71,32,1,25,64,8,31,85,9,81,35,46,28,83,17,10,45,97,12,41,43,58,18,59,89,80,7,15,66,22,82,4,91,61,57,33,2,39,60,26,49,55,44,0,0,0,0,0,0,0,0,0,0,0,0,0,0,0,0,0,0,0,0,0,0,0,0,0,0,0,0,0,0,0,0,0,0,0,0,0,0,0,0,0,0,0
81,43,28,9,83,12,35,46,10,17,85,97,1,64,45,58,73,31,8,18,71,25,41,32,80,62,89,20,67,7,59,22,15,82,66,4,77,2,34,91,49,96,63,26,60,65,39,55,57,88,33,61,54,44,5,24,70,40,27,3,56,72,13,92,50,95,90,23,14,87,11,52,74,53,16,21,98,51,36,99,42,84,30,37,79,29,75,93,47,78,76,38,6,68,94,48,69,100,19,86,0,0,0,0,0,0,0,0,0,0,0,0,0,0,0,0,0,0,0,0,0,0,0,0,0,0,0,0,0,0,0,0,0,0,0,0,0,0,0,0,0,0,0
100,79,48,47,38,69,75,68,6,30,84,93,86,94,99,16,76,19,29,78,74,36,51,98,37,72,53,50,90,42,56,87,95,21,92,77,26,55,91,96,71,73,65,20,15,25,22,41,66,12,62,85,80,7,9,35,97,46,81,17,8,83,18,45,10,28,1,64,31,43,58,89,32,4,82,63,59,67,34,70,60,24,39,27,57,33,44,61,40,88,2,5,13,54,52,23,3,14,49,11,0,0,0,0,0,0,0,0,0,0,0,0,0,0,0,0,0,0,0,0,0,0,0,0,0,0,0,0,0,0,0,0,0,0,0,0,0,0,0,0,0,0,0
80,1,89,15,25,58,64,8,32,12,7,73,22,43,81,66,35,83,17,9,10,97,46,45,28,18,85,67,31,65,71,59,4,55,77,26,61,41,20,44,91,63,62,96,34,82,27,49,14,13,39,52,87,60,23,56,88,70,5,2,53,33,90,24,57,54,98,21,40,3,16,51,76,29,11,99,78,92,38,72,50,100,6,42,95,47,19,74,36,37,86,94,84,30,93,48,68,79,75,69,0,0,0,0,0,0,0,0,0,0,0,0,0,0,0,0,0,0,0,0,0,0,0,0,0,0,0,0,0,0,0,0,0,0,0,0,0,0,0,0,0,0,0
10,80,1,45,18,43,8,83,35,89,97,46,17,81,85,9,31,12,15,28,32,7,64,58,22,59,73,4,65,66,41,34,63,67,25,20,62,71,39,61,96,44,49,70,26,77,5,57,82,91,55,88,60,33,14,3,11,24,87,56,23,13,2,27,54,90,42,52,92,40,29,37,84,72,53,95,50,38,21,98,30,93,74,51,16,36,99,19,76,86,75,78,69,94,48,68,6,47,79,100,0,0,0,0,0,0,0,0,0,0,0,0,0,0,0,0,0,0,0,0,0,0,0,0,0,0,0,0,0,0,0,0,0,0,0,0,0,0,0,0,0,0,0
47,93,99,68,51,29,76,98,36,79,21,19,16,78,74,37,50,30,84,53,92,42,3,100,72,69,40,75,11,56,6,48,38,95,90,14,86,87,94,13,88,96,77,4,65,71,15,32,22,82,25,7,41,8,64,89,9,18,28,85,46,17,97,35,83,43,10,45,81,1,31,12,59,80,58,20,62,73,34,39,67,66,63,2,91,26,5,55,60,24,44,23,49,61,27,54,70,57,33,52,0,0,0,0,0,0,0,0,0,0,0,0,0,0,0,0,0,0,0,0,0,0,0,0,0,0,0,0,0,0,0,0,0,0,0,0,0,0,0,0,0,0,0
65,62,59,63,32,66,41,22,96,34,4,7,67,89,82,77,58,25,20,71,39,91,61,26,10,43,12,81,97,17,83,46,35,45,31,85,64,9,1,18,8,28,73,80,15,2,11,3,23,57,40,87,52,92,53,72,50,90,55,95,42,49,44,60,70,33,36,13,54,93,37,5,24,38,27,88,14,56,19,69,68,98,21,51,74,29,16,84,76,78,48,99,30,6,47,79,75,100,86,94,0,0,0,0,0,0,0,0,0,0,0,0,0,0,0,0,0,0,0,0,0,0,0,0,0,0,0,0,0,0,0,0,0,0,0,0,0,0,0,0,0,0,0
9,97,17,35,46,83,85,45,18,43,10,28,81,31,12,1,80,64,41,15,8,58,73,89,65,25,32,66,59,20,22,7,62,4,67,82,34,63,96,77,71,39,26,44,91,55,61,70,24,60,57,2,27,88,13,5,49,33,54,14,40,23,52,56,3,87,53,72,90,11,50,95,42,92,74,36,29,98,84,21,76,51,37,93,99,16,78,38,30,79,47,6,68,48,19,100,69,75,86,94,0,0,0,0,0,0,0,0,0,0,0,0,0,0,0,0,0,0,0,0,0,0,0,0,0,0,0,0,0,0,0,0,0,0,0,0,0,0,0,0,0,0,0
61,44,27,2,24,91,40,57,39,70,23,54,33,5,52,13,87,49,88,60,65,90,63,55,56,11,67,26,4,14,3,50,42,53,72,95,92,21,98,15,7,41,10,66,20,58,45,81,43,80,83,18,1,31,46,85,35,97,17,64,8,9,28,12,25,89,59,73,22,77,32,62,96,34,71,82,51,74,37,36,84,29,16,76,93,78,38,79,47,68,30,100,48,99,75,19,69,6,94,86,0,0,0,0,0,0,0,0,0,0,0,0,0,0,0,0,0,0,0,0,0,0,0,0,0,0,0,0,0,0,0,0,0,0,0,0,0,0,0,0,0,0,0
1,64,8,18,58,41,43,25,28,83,81,10,12,59,32,17,46,9,85,97,31,35,45,80,7,82,71,73,89,77,15,67,2,91,55,22,20,60,66,24,61,62,65,63,96,4,34,54,40,39,49,3,23,26,56,27,44,50,57,5,33,70,92,53,13,74,88,42,21,98,14,11,90,52,37,87,99,79,72,95,47,48,36,78,51,100,6,84,29,16,19,75,76,93,30,38,68,69,86,94,0,0,0,0,0,0,0,0,0,0,0,0,0,0,0,0,0,0,0,0,0,0,0,0,0,0,0,0,0,0,0,0,0,0,0,0,0,0,0,0,0,0,0
59,32,7,62,4,22,65,80,89,58,8,41,20,66,96,67,25,15,71,34,63,82,1,10,83,64,35,97,17,18,43,9,85,31,46,45,81,28,12,27,73,2,5,40,23,3,14,11,52,72,95,53,77,90,50,92,74,42,98,91,55,44,26,61,49,60,33,39,24,70,57,13,47,99,79,30,88,54,56,87,19,86,93,69,21,37,51,36,16,29,84,76,38,78,68,48,75,6,100,94,0,0,0,0,0,0,0,0,0,0,0,0,0,0,0,0,0,0,0,0,0,0,0,0,0,0,0,0,0,0,0,0,0,0,0,0,0,0,0,0,0,0,0
54,13,88,70,14,11,52,3,5,23,56,96,27,24,40,2,53,87,90,49,33,44,72,95,60,74,39,98,26,57,42,92,50,84,91,61,36,38,37,21,29,51,15,73,25,41,66,89,62,32,35,45,80,8,85,17,46,31,97,9,83,10,12,43,18,28,81,58,1,64,59,65,7,22,20,34,63,4,67,71,82,77,55,16,69,48,76,86,94,30,78,99,93,6,47,19,68,100,79,75,0,0,0,0,0,0,0,0,0,0,0,0,0,0,0,0,0,0,0,0,0,0,0,0,0,0,0,0,0,0,0,0,0,0,0,0,0,0,0,0,0,0,0
30,68,79,75,48,78,47,38,100,93,6,37,99,19,76,69,86,94,36,21,29,16,74,98,51,84,95,87,42,72,11,90,50,53,92,4,65,63,49,55,34,44,20,77,89,66,71,80,58,31,62,1,64,73,43,35,28,17,83,97,10,46,9,81,18,45,12,85,8,32,15,7,25,22,41,59,67,96,82,60,26,2,91,54,70,39,61,27,33,24,5,13,88,57,52,23,14,56,40,3,0,0,0,0,0,0,0,0,0,0,0,0,0,0,0,0,0,0,0,0,0,0,0,0,0,0,0,0,0,0,0,0,0,0,0,0,0,0,0,0,0,0,0
18,31,45,12,28,81,89,71,85,64,73,9,46,17,97,35,83,22,25,43,1,15,10,8,62,80,66,58,20,41,82,26,96,32,7,44,59,49,55,60,67,65,34,77,88,63,4,27,39,70,14,91,13,40,2,61,24,57,33,72,52,5,95,54,92,53,21,56,74,29,3,23,87,11,84,76,16,90,50,42,78,99,98,38,30,51,36,47,68,69,37,79,94,19,6,48,93,100,75,86,0,0,0,0,0,0,0,0,0,0,0,0,0,0,0,0,0,0,0,0,0,0,0,0,0,0,0,0,0,0,0,0,0,0,0,0,0,0,0,0,0,0,0
68,86,47,69,75,19,94,99,48,6,38,93,30,100,79,76,78,37,84,36,21,16,74,53,42,50,29,98,51,72,95,92,2,49,39,60,44,26,70,34,61,62,59,66,80,41,15,73,8,64,89,12,43,31,35,10,17,9,97,46,45,83,58,81,28,1,18,85,32,25,22,20,65,7,63,82,67,4,71,77,96,91,55,24,57,5,33,54,88,13,27,11,23,56,52,3,14,90,40,87,0,0,0,0,0,0,0,0,0,0,0,0,0,0,0,0,0,0,0,0,0,0,0,0,0,0,0,0,0,0,0,0,0,0,0,0,0,0,0,0,0,0,0
16,21,29,76,37,53,98,90,78,51,92,74,42,30,50,36,84,99,68,79,48,87,75,23,38,93,72,3,6,69,100,47,95,86,19,52,5,54,56,14,11,94,40,4,67,82,34,63,96,77,62,26,89,7,20,12,8,71,1,35,17,83,97,9,81,43,10,31,46,85,28,73,45,18,64,15,58,80,32,41,59,66,25,60,22,2,33,49,91,70,55,44,61,24,88,57,27,39,65,13,0,0,0,0,0,0,0,0,0,0,0,0,0,0,0,0,0,0,0,0,0,0,0,0,0,0,0,0,0,0,0,0,0,0,0,0,0,0,0,0,0,0,0
21,84,74,37,11,92,16,42,98,95,51,78,36,99,29,76,90,48,100,38,79,23,40,72,50,47,87,14,57,6,56,52,30,75,93,68,53,19,69,86,94,3,59,63,62,4,67,34,77,65,82,55,58,91,2,43,45,89,1,80,10,32,35,97,83,81,85,28,17,46,31,12,8,9,18,25,64,7,41,73,15,22,66,71,20,96,44,60,26,24,39,61,33,27,70,5,54,49,13,88,0,0,0,0,0,0,0,0,0,0,0,0,0,0,0,0,0,0,0,0,0,0,0,0,0,0,0,0,0,0,0,0,0,0,0,0,0,0,0,0,0,0,0
87,72,21,42,95,90,56,14,53,52,57,50,92,29,54,16,51,11,27,23,40,74,84,88,98,76,37,36,30,68,38,33,78,93,70,39,24,13,3,69,75,47,79,99,6,100,48,66,94,19,86,67,82,71,34,22,73,62,18,85,15,64,45,77,41,31,43,9,28,46,81,97,10,17,83,35,58,12,89,1,20,80,8,7,32,25,59,96,63,49,4,26,2,44,60,55,65,91,61,5,0,0,0,0,0,0,0,0,0,0,0,0,0,0,0,0,0,0,0,0,0,0,0,0,0,0,0,0,0,0,0,0,0,0,0,0,0,0,0,0,0,0,0
48,6,100,79,47,75,93,78,68,36,38,86,19,30,94,16,76,98,99,69,92,21,51,84,29,37,40,50,53,42,3,90,72,95,74,67,55,34,65,91,82,7,4,60,57,59,22,63,66,32,89,71,25,8,43,83,80,81,28,1,18,97,17,10,85,9,35,46,45,12,64,31,73,58,41,62,15,96,77,20,39,5,26,49,44,2,61,24,70,54,23,27,33,14,87,13,11,56,88,52,0,0,0,0,0,0,0,0,0,0,0,0,0,0,0,0,0,0,0,0,0,0,0,0,0,0,0,0,0,0,0,0,0,0,0,0,0,0,0,0,0,0,0
23,57,13,24,44,2,5,70,33,40,39,14,54,72,88,56,3,63,49,87,60,61,91,52,90,92,53,42,27,50,26,95,11,21,98,37,51,74,16,29,78,76,71,22,10,80,58,31,1,89,45,83,81,35,97,46,85,17,9,28,43,18,64,8,7,12,25,15,59,73,66,20,32,62,41,96,4,67,77,34,55,82,65,84,48,38,36,93,99,68,30,69,6,19,75,79,47,100,86,94,0,0,0,0,0,0,0,0,0,0,0,0,0,0,0,0,0,0,0,0,0,0,0,0,0,0,0,0,0,0,0,0,0,0,0,0,0,0,0,0,0,0,0
51,50,37,98,16,84,74,92,87,42,36,72,78,76,21,29,30,54,53,99,52,38,56,48,95,90,93,79,47,27,68,3,14,88,69,75,23,11,6,40,100,86,19,94,77,63,82,34,67,25,71,65,96,85,4,22,73,64,45,18,28,9,81,58,12,46,83,17,97,10,43,31,35,1,8,89,20,41,15,59,80,32,7,62,66,2,91,26,55,60,61,39,24,33,49,44,70,5,57,13,0,0,0,0,0,0,0,0,0,0,0,0,0,0,0,0,0,0,0,0,0,0,0,0,0,0,0,0,0,0,0,0,0,0,0,0,0,0,0,0,0,0,0
50,95,92,53,42,74,21,87,72,90,29,98,37,51,16,84,36,56,14,30,11,52,23,3,40,99,76,78,93,38,47,54,19,61,39,88,33,24,13,79,5,68,100,69,75,48,6,94,86,22,67,34,65,63,4,82,66,18,12,71,7,15,8,43,31,10,9,45,83,46,97,35,17,81,85,1,28,64,80,58,89,25,20,73,32,59,41,62,96,44,77,26,55,91,60,27,49,70,2,57,0,0,0,0,0,0,0,0,0,0,0,0,0,0,0,0,0,0,0,0,0,0,0,0,0,0,0,0,0,0,0,0,0,0,0,0,0,0,0,0,0,0,0
53,42,87,14,90,95,92,72,50,98,52,56,11,21,23,74,54,3,40,29,16,84,51,36,37,88,38,13,5,70,24,57,60,49,27,33,30,93,48,68,99,6,76,47,78,69,19,79,75,62,66,41,20,63,80,73,25,12,7,15,64,58,35,97,31,17,9,83,46,81,43,10,45,85,1,28,8,89,32,18,59,22,71,96,4,65,34,82,67,77,55,61,39,91,44,26,2,100,86,94,0,0,0,0,0,0,0,0,0,0,0,0,0,0,0,0,0,0,0,0,0,0,0,0,0,0,0,0,0,0,0,0,0,0,0,0,0,0,0,0,0,0,0
77,71,20,67,73,62,25,96,66,41,15,63,60,82,22,34,57,55,7,31,28,12,4,9,85,91,1,46,35,8,64,97,17,18,10,83,45,81,43,58,32,59,89,3,80,92,88,13,87,14,50,72,95,65,51,98,53,26,42,74,16,21,33,70,39,49,24,61,27,44,2,54,5,30,52,56,79,6,40,23,11,47,19,90,100,86,94,84,29,36,37,99,78,93,76,38,48,68,69,75,0,0,0,0,0,0,0,0,0,0,0,0,0,0,0,0,0,0,0,0,0,0,0,0,0,0,0,0,0,0,0,0,0,0,0,0,0,0,0,0,0,0,0
84,74,76,50,29,36,99,93,37,16,53,51,79,42,38,87,98,78,30,72,21,6,47,14,100,68,90,48,19,75,86,69,94,56,54,3,88,27,52,92,23,95,77,96,82,65,12,4,66,71,20,18,25,85,9,80,64,41,15,8,97,32,46,17,35,83,81,45,10,28,1,43,31,59,58,89,73,62,7,67,63,39,22,34,91,26,55,60,61,24,57,2,70,5,44,33,40,11,13,49,0,0,0,0,0,0,0,0,0,0,0,0,0,0,0,0,0,0,0,0,0,0,0,0,0,0,0,0,0,0,0,0,0,0,0,0,0,0,0,0,0,0,0
24,5,70,44,33,49,13,91,40,60,2,3,39,88,27,55,63,67,96,14,26,4,82,77,57,34,65,61,56,87,54,23,89,92,11,50,95,25,80,59,35,7,81,8,12,64,97,17,85,83,28,9,46,45,10,1,18,43,31,58,41,73,32,20,22,15,48,62,71,66,19,86,52,53,90,72,98,42,21,74,51,29,16,38,37,76,36,84,30,99,78,47,79,93,6,75,69,68,94,100,0,0,0,0,0,0,0,0,0,0,0,0,0,0,0,0,0,0,0,0,0,0,0,0,0,0,0,0,0,0,0,0,0,0,0,0,0,0,0,0,0,0,0
98,16,36,29,93,37,84,21,51,92,76,90,50,74,78,42,99,53,38,48,30,68,6,87,79,95,75,72,3,47,69,100,86,40,23,19,11,5,54,56,14,52,94,67,4,82,34,77,66,55,96,63,91,32,89,7,59,12,1,73,43,18,17,97,9,81,83,10,46,31,45,85,35,28,58,80,64,8,20,22,15,41,25,71,62,60,61,49,65,44,2,57,26,24,39,13,70,27,88,33,0,0,0,0,0,0,0,0,0,0,0,0,0,0,0,0,0,0,0,0,0,0,0,0,0,0,0,0,0,0,0,0,0,0,0,0,0,0,0,0,0,0,0
28,45,85,97,81,46,17,10,31,9,64,35,83,71,8,18,43,89,1,7,80,73,12,62,15,22,58,59,32,25,20,96,41,66,82,63,4,34,77,67,26,60,33,91,55,27,2,88,5,44,24,57,70,49,61,40,39,13,14,65,72,3,54,95,51,52,23,87,56,90,42,21,11,37,50,53,92,78,74,76,29,98,79,30,84,68,16,99,48,75,100,36,38,47,6,69,93,19,86,94,0,0,0,0,0,0,0,0,0,0,0,0,0,0,0,0,0,0,0,0,0,0,0,0,0,0,0,0,0,0,0,0,0,0,0,0,0,0,0,0,0,0,0
83,35,9,17,43,31,10,97,46,81,1,85,45,18,64,12,28,80,66,8,25,89,58,20,73,15,22,71,7,59,77,32,34,96,65,41,63,62,26,4,82,91,55,61,67,44,49,39,70,2,27,60,33,5,24,52,57,54,13,90,87,11,40,88,56,23,14,3,50,53,21,72,92,95,98,29,37,42,51,74,36,76,47,16,69,84,68,30,78,38,99,48,19,79,75,93,86,6,100,94,0,0,0,0,0,0,0,0,0,0,0,0,0,0,0,0,0,0,0,0,0,0,0,0,0,0,0,0,0,0,0,0,0,0,0,0,0,0,0,0,0,0,0
70,77,2,49,26,60,44,39,61,82,34,55,91,65,20,4,88,66,62,52,24,67,54,5,13,33,27,57,23,90,58,11,53,1,56,89,43,73,9,31,45,46,83,81,17,97,10,28,35,12,18,15,85,64,71,80,22,8,32,41,7,25,59,63,96,16,29,76,84,30,68,6,40,79,69,94,86,100,14,3,95,72,50,87,98,92,21,51,42,36,74,37,78,99,47,93,75,38,48,19,0,0,0,0,0,0,0,0,0,0,0,0,0,0,0,0,0,0,0,0,0,0,0,0,0,0,0,0,0,0,0,0,0,0,0,0,0,0,0,0,0,0,0
26,61,65,39,55,24,2,60,44,33,91,82,70,27,49,5,77,88,13,20,96,54,57,40,34,4,14,23,72,3,52,90,87,11,53,56,8,18,71,9,31,64,1,25,28,85,89,83,12,17,43,46,97,10,35,81,45,73,58,80,22,32,15,7,59,66,62,41,67,63,47,19,94,100,50,95,92,42,74,98,21,51,84,16,29,37,76,78,36,99,30,68,79,6,93,48,38,75,69,86,0,0,0,0,0,0,0,0,0,0,0,0,0,0,0,0,0,0,0,0,0,0,0,0,0,0,0,0,0,0,0,0,0,0,0,0,0,0,0,0,0,0,0
33,55,60,26,82,44,49,77,70,96,61,66,25,91,4,20,2,71,57,88,12,27,13,67,24,5,54,39,63,64,80,56,65,9,3,8,31,85,73,97,18,17,28,46,81,43,83,45,58,35,10,1,15,89,7,32,62,41,59,22,34,16,30,78,38,48,75,37,99,76,69,79,19,47,86,100,94,14,52,23,87,53,40,42,50,11,72,90,92,95,74,98,29,51,21,84,36,93,68,6,0,0,0,0,0,0,0,0,0,0,0,0,0,0,0,0,0,0,0,0,0,0,0,0,0,0,0,0,0,0,0,0,0,0,0,0,0,0,0,0,0,0,0
75,69,86,48,100,93,30,6,47,68,94,79,19,38,37,78,76,99,98,84,51,29,16,36,74,92,53,95,72,87,42,21,50,90,61,77,33,60,67,70,57,20,7,25,63,15,64,73,41,89,8,58,32,45,28,85,31,9,17,46,10,97,83,81,35,12,18,43,1,80,59,62,82,66,96,4,71,34,22,65,26,24,91,39,5,88,2,44,27,55,49,3,13,14,56,54,40,11,23,52,0,0,0,0,0,0,0,0,0,0,0,0,0,0,0,0,0,0,0,0,0,0,0,0,0,0,0,0,0,0,0,0,0,0,0,0,0,0,0,0,0,0,0
25,67,96,82,77,65,60,34,4,91,55,39,63,62,71,26,15,20,24,32,22,49,66,57,5,28,61,64,18,73,2,85,46,81,17,9,35,45,97,12,1,31,8,89,58,83,43,59,41,10,80,92,7,50,98,74,27,37,53,51,84,42,36,29,16,78,54,88,76,33,44,70,79,48,13,40,3,47,14,56,52,23,94,11,72,87,95,90,21,30,93,38,99,68,6,75,100,69,19,86,0,0,0,0,0,0,0,0,0,0,0,0,0,0,0,0,0,0,0,0,0,0,0,0,0,0,0,0,0,0,0,0,0,0,0,0,0,0,0,0,0,0,0
11,40,90,95,92,56,42,50,3,21,98,36,29,37,87,57,23,84,74,51,72,53,76,16,93,38,47,5,99,13,61,49,91,14,44,27,52,30,68,54,19,32,59,78,79,6,22,48,7,67,34,69,58,66,62,43,8,65,4,89,63,41,10,83,81,45,1,18,80,25,15,17,46,97,35,64,31,28,20,12,9,73,85,39,96,82,71,26,77,60,2,55,70,24,88,33,75,100,94,86,0,0,0,0,0,0,0,0,0,0,0,0,0,0,0,0,0,0,0,0,0,0,0,0,0,0,0,0,0,0,0,0,0,0,0,0,0,0,0,0,0,0,0
91,4,63,55,96,57,34,67,82,77,65,60,62,61,24,49,33,5,39,59,41,26,71,2,70,44,13,27,88,28,35,8,73,80,12,17,85,97,46,81,10,9,45,83,43,31,1,64,18,58,32,7,89,25,20,15,66,22,74,98,36,37,29,30,21,93,76,99,38,78,48,100,69,54,68,52,19,75,86,94,23,3,56,40,14,11,53,92,87,72,90,42,95,51,50,16,84,79,47,6,0,0,0,0,0,0,0,0,0,0,0,0,0,0,0,0,0,0,0,0,0,0,0,0,0,0,0,0,0,0,0,0,0,0,0,0,0,0,0,0,0,0,0
88,54,24,3,5,70,23,56,13,14,44,52,96,87,11,95,49,72,60,55,2,33,26,53,27,40,50,90,91,39,92,61,51,42,74,21,37,57,29,16,98,80,12,41,89,59,85,7,25,28,97,17,35,81,9,64,31,46,1,83,45,8,43,18,20,73,10,32,58,15,71,22,63,82,62,66,65,77,4,67,34,69,47,84,76,93,48,30,36,78,79,99,38,19,6,68,100,86,94,75,0,0,0,0,0,0,0,0,0,0,0,0,0,0,0,0,0,0,0,0,0,0,0,0,0,0,0,0,0,0,0,0,0,0,0,0,0,0,0,0,0,0,0
